reaction	compartments	type	dGm_kJ_per_mol	sd_kJ_per_mol	stoichiometry_hash
MAR00040	m	single	-70.3	4.6	8a8806f5db
MAR00041	m	single	-419.8	3.8	387fe2e311
MAR00043	c	single	-57.7	3.2	f9071cb9ae
MAR00044	c	single	22.2	2.9	b04234f0b3
MAR00046	l	single	-39.7	3.0	2294baeea3
MAR00047	m	single	-20.2	1.9	b89127c512
MAR00048	m	single	-45.1	1.4	9d4834f232
MAR00051	m	single	-49.9	1.1	e8edc6a719
MAR00055	c	single+proxy	-54.7	4.0	7f5b57f2dc
MAR00062	m	single	-51.0	3.8	52ae32c933
MAR00067	c	single	-40.5	1.1	ab2a5724e8
MAR00068	c	single	-32.0	2.2	f7a39fd85e
MAR00069	x	single	-163.8	2.4	965ed5c207
MAR00070	r	single	-163.8	2.4	9ca0ec2ade
MAR00071	r	single	0.0	0.0	c710a3d1fe
MAR00083	x	single	-26.5	2.6	939d91ab32
MAR00084	x	single+proxy	-26.5	2.6	5758d74063
MAR00085	x	single	-26.5	2.6	c8d21c9dbf
MAR00086	m	single	1166.2	100003.2	5bd30c59c2
MAR00088	m	single	-52.3	6.0	1ff996110c
MAR00091	m	single	-13.2	2.2	539a3f1931
MAR00101	r	single	-16.0	8.0	24c256eac7
MAR00103	c	single	-2.8	1.7	017ab58472
MAR00104	m	single	2.8	1.7	9c33b3ead2
MAR00108	c	single	-2.8	1.7	146581568c
MAR00109	m	single	2.8	1.7	5388da5546
MAR00113	r	single	-41.2	4.0	57ea4f0dde
MAR00114	r	single	-41.1	4.0	35c487d95a
MAR00115	r	single	2.4	4.1	c51a24a518
MAR00116	r	single	-1269.5	9.3	80acc20f78
MAR00131	m	single	1.6	100000.0	4993e489ff
MAR00132	m	single	-50.9	100005.9	380afd9261
MAR00133	m	single	-318.7	7.0	28b8f3f273
MAR00134	m	single	22.1	100000.0	b7d3b5de56
MAR00135	m	single	-17.6	1.5	d5bf41b608
MAR00139	x	single	-2.8	1.7	7e24256774
MAR00144	c	single	-376.4	3.8	f9c1383023
MAR00145	c	single	-379.1	3.5	5b1558a354
MAR00146	c	single	-379.1	3.5	56d1e879fa
MAR00147	c	single	-379.1	3.5	5710791d22
MAR00148	c	single	-379.1	3.5	334f824739
MAR00149	c	single	-379.1	3.5	bde7a1a2c0
MAR00150	c	single	-379.1	3.5	54e4a014fe
MAR00151	c	single	-379.1	3.5	299e94848c
MAR00152	c	single	-379.1	3.5	d07e2ae305
MAR00153	c	single	0.5	2.9	848f12cd9c
MAR00154	c	single	-57.4	3.0	d4c7bf0f27
MAR00156	c	single	-2.2	3.3	5268eca272
MAR00159	c	single	-2.3	1.7	8318d88020
MAR00161	m	single	2.3	1.7	9d04551d13
MAR00163	m	single	2.8	1.7	f6a0922c8f
MAR00165	c	single	-11.6	1.5	3164076835
MAR00168	c	single	-11.6	1.5	b2cf3a42d1
MAR00171	c	single	-11.6	1.5	b521c945cb
MAR00174	c	single	-11.6	1.5	e8b05dd889
MAR00177	c	single	-11.6	1.5	9e200f26db
MAR00180	c	single	-11.6	1.5	65eaf01c64
MAR00181	c	single	-379.1	3.5	89f47a03a1
MAR00184	c	single	-11.6	1.5	c4d51ffc7e
MAR00186	c	single	-379.1	3.5	aa41b00273
MAR00188	c	single	-11.6	1.5	540d9ac665
MAR00189	c	single	-45.3	1.4	17c79a4cce
MAR00192	c	single	-11.6	1.5	ad578b1a0a
MAR00193	c	single	-45.3	1.4	ec038abce4
MAR00196	c	single	-11.6	1.5	6b56b68fad
MAR00197	c	single	-45.3	1.4	07fe5a1cd3
MAR00200	c	single	-11.6	1.5	50d166dd5c
MAR00201	c	single	-45.3	1.4	78660dcad7
MAR00204	c	single	-11.6	1.5	aa52c1bf9f
MAR00205	x	single	-380.4	3.5	42f33bce79
MAR00206	c	single	-45.3	1.4	7dd03f1fb7
MAR00209	c	single	-11.6	1.5	0dbb2ec260
MAR00210	c	single	-45.3	1.4	8c4a97c22a
MAR00213	c	single	-11.6	1.5	eadd01868c
MAR00214	c	single	-45.3	1.4	d057a97776
MAR00217	c	single	-11.8	6.4	f0a78a8997
MAR00218	x	single	-380.4	3.5	7fff445a6d
MAR00223	c	single	-45.0	6.4	47937f0be8
MAR00226	c	single	-11.6	1.5	4cd2003172
MAR00227	r	single	-16.0	8.0	5910e45810
MAR00228	r	single	-16.0	8.0	0b62ee0288
MAR00230	c	single	-45.3	1.4	f092a10c0e
MAR00233	c	single	-11.6	1.5	21e2d6b1e2
MAR00234	c	single	-45.3	1.4	3320958bbf
MAR00237	c	single	-11.6	1.5	d06429a8fc
MAR00238	c	single	-45.3	1.4	94f6616fcf
MAR00241	c	single	-11.6	1.5	aa892db785
MAR00242	c	single	-45.3	1.4	2d6590737b
MAR00245	c	single	-11.6	1.5	35eb872f1f
MAR00246	c	single	-45.3	1.4	284f77f0cf
MAR00249	c	single	-11.6	1.5	a49c1184e7
MAR00250	c	single	-45.3	1.4	31666ae93f
MAR00251	c	single	-543.7	3.5	a346e9610d
MAR00255	c	single	-11.6	1.5	4f8ffe5ab2
MAR00256	c	single	-45.3	1.4	2d07f22345
MAR00259	c	single	-11.6	1.5	4c387630a3
MAR00260	c	single	-45.3	1.4	4a86754ad0
MAR00263	c	single	-11.6	1.5	feca82d42e
MAR00264	c	single	-45.3	1.4	916fdbf058
MAR00267	c	single	-11.6	1.5	82557a1278
MAR00268	c	single	-45.3	1.4	6d749f5977
MAR00271	c	single	-11.6	1.5	c6ae8f6059
MAR00272	c	single	-45.3	1.4	576cbfc5e6
MAR00275	c	single	-11.6	1.5	8ce352d0c1
MAR00276	c	single	-45.3	1.4	25e32940d4
MAR00279	c	single	-11.6	1.5	5a0b21e543
MAR00280	c	single	-45.3	1.4	a6929a8608
MAR00283	c	single	-11.6	1.5	5fdaccb0bc
MAR00284	c	single	-45.3	1.4	98d26a34e3
MAR00285	x	single	-76.6	2.8	ac830b0079
MAR00289	c	single	-11.6	1.5	b7ca7430bb
MAR00290	c	single	-45.3	1.4	2f4256b9ad
MAR00293	c	single	-11.6	1.5	0ec568a053
MAR00294	c	single	-45.3	1.4	ccf5510bbc
MAR00297	c	single	-11.6	1.5	beec114f48
MAR00298	c	single	-45.3	1.4	9cb2eee0e3
MAR00301	c	single	-11.6	1.5	5d83958ea4
MAR00302	c	single	-45.3	1.4	ef34d8e1e3
MAR00305	c	single	-11.6	1.5	725200c538
MAR00306	c	single	-45.3	1.4	d74cb7e73b
MAR00313	c	single	-11.6	1.5	f56af1d195
MAR00314	c	single	-45.3	1.4	0ff782080b
MAR00319	c	single	-11.6	1.5	1d3e033624
MAR00320	c	single	-45.3	1.4	0948cd94b1
MAR00323	c	single	-11.6	1.5	d98250ecd5
MAR00324	c	single	-45.3	1.4	febc7d9125
MAR00327	c	single	-11.6	1.5	3fb03e1282
MAR00328	c	single	-45.3	1.4	7d9569d884
MAR00331	c	single	-11.6	1.5	6e0b434942
MAR00332	c	single	-45.3	1.4	333f3fab18
MAR00337	c	single	-11.6	1.5	2ef7434039
MAR00338	c	single	-45.3	1.4	aec3d37b88
MAR00341	c	single	-11.6	1.5	7f0e4d9256
MAR00342	c	single	-45.3	1.4	3398bf448d
MAR00345	c	single	-11.6	1.5	8343679033
MAR00346	c	single	-45.3	1.4	cacaaf01b5
MAR00349	c	single	-11.6	1.5	2d0aded6ed
MAR00350	c	single	-45.3	1.4	a02f1ac453
MAR00353	c	single	-11.6	1.5	49a296b0f7
MAR00354	c	single	-45.3	1.4	0dd2a5504e
MAR00357	c	single	-11.6	1.5	bf4887946c
MAR00358	c	single	-45.3	1.4	7dfb5388fe
MAR00361	c	single	-11.6	1.5	a230d37653
MAR00362	c	single	-45.3	1.4	e6cc120f27
MAR00365	c	single	-11.6	1.5	326cd5291e
MAR00366	c	single	-45.3	1.4	d5bc91c38d
MAR00369	c	single	-11.6	1.5	7fb29d1c62
MAR00370	c	single	-45.3	1.4	099c46bacd
MAR00373	c	single	-11.6	1.5	983bf7d8fb
MAR00374	c	single	-45.3	1.4	33f2b10faf
MAR00377	c	single	-11.6	1.5	256b48a2be
MAR00378	c	single	-45.3	1.4	69ea067655
MAR00381	c	single	-11.6	1.5	8439ecf6b1
MAR00382	c	single	-45.3	1.4	d049b3a5c7
MAR00385	c	single+proxy	-11.6	1.5	842986c94f
MAR00386	c	single+proxy	-45.3	1.4	083996ca17
MAR00389	c	single	-11.6	1.5	75c0423736
MAR00390	c	single	-45.3	1.4	18d581c54a
MAR00397	c	single	-16.9	2.1	a9c1e83bfd
MAR00398	c	single	-40.0	2.1	666dd5e064
MAR00401	c	single	-11.6	1.5	6961a5aed4
MAR00402	c	single	-45.3	1.4	6bd8f45bec
MAR00405	c	single	-11.6	1.5	387157bbd9
MAR00406	c	single	-45.3	1.4	8821eaffe5
MAR00409	c	single	-11.1	2.0	e98e701072
MAR00410	c	single	-45.7	2.0	38a46d5843
MAR00413	c	single	-11.6	1.5	c90c80c9aa
MAR00414	c	single	-45.3	1.4	cf2f711c45
MAR00417	c	single	-11.6	1.5	4492a19cf9
MAR00418	c	single	-45.3	1.4	95c7b94e41
MAR00421	c	single	-11.6	1.5	d76f16b5e0
MAR00422	c	single	-45.3	1.4	a28354fa83
MAR00425	c	single	-11.6	1.5	8acbfbf61f
MAR00426	c	single	-45.3	1.4	3c56214f91
MAR00429	c	single	-11.6	1.5	ea75a3ed47
MAR00430	c	single	-45.3	1.4	d9d008cd4b
MAR00433	c	single	-11.6	1.5	99768f6178
MAR00434	c	single	-45.3	1.4	c485a46997
MAR00437	c	single	-11.6	1.5	484fd506f9
MAR00438	c	single	-45.3	1.4	ca6816aff4
MAR00441	x	single	-68.8	4.0	c57eb155f6
MAR00443	r	single	6.8	2.9	5d23ef15ee
MAR00447	r	single	0.0	0.0	01d29ac647
MAR00448	m	single	-19.4	2.1	dc037c8cd2
MAR00450	c	single	-15.1	2.1	df2a3ca148
MAR00452	c	single	-2.8	1.7	27dab19f7c
MAR00453	c	single	-24.8	2.0	8402fb740a
MAR00454	c	single	-9.9	1.0	7cafcd48d0
MAR00455	m	single	2.8	1.7	4402456612
MAR00456	c	single	-40.6	1.1	f054cdac68
MAR00457	c	single	-13.8	0.6	48d5dfe0cf
MAR00458	m	single	20.2	2.0	e5b9567a55
MAR00459	m	single	-49.9	1.1	41d35b2843
MAR00460	m	single	-18.1	0.6	b6c72df557
MAR00479	c	single	-24.5	0.7	089718715b
MAR00481	x	single	-25.7	0.7	488a518def
MAR00484	c	single	-56.9	2.4	9b4c69d149
MAR00486	c	single	-2.7	2.5	100a1ec059
MAR00487	c	single	-2.7	2.5	55fce38cb1
MAR00488	c	single	-2.7	2.5	0328193897
MAR00489	c	single	-2.7	2.5	961597ff32
MAR00491	c	single+proxy	-2.7	2.5	c18523ad4c
MAR00492	c	single	-2.7	2.5	14a4ea4bf1
MAR00493	c	single	0.0	2.5	9092aa8fa5
MAR00494	c	single	-2.7	2.5	dcdafce0c8
MAR00495	c	single+proxy	-2.7	2.5	4a12e5b3ed
MAR00496	c	single	-2.7	2.5	393f160b53
MAR00497	c	single+proxy	-2.7	2.5	e5e85acc0a
MAR00498	c	single	-2.7	2.5	42a8f8fc1d
MAR00499	c	single	-2.7	2.5	e43a9739ba
MAR00500	c	single+proxy	-2.7	2.5	5e0907bec4
MAR00501	c	single	-2.7	2.5	d32236d4ce
MAR00502	c	single	-2.7	2.5	f9ab65a942
MAR00503	c	single+proxy	-2.7	2.5	f199282d7c
MAR00504	c	single+proxy	-2.7	2.5	e86d6f3d8f
MAR00505	c	single+proxy	-2.7	2.5	72993e0a4f
MAR00506	c	single	-2.7	2.5	f6a8f11930
MAR00507	c	single	-2.7	2.5	b358edac5a
MAR00508	c	single+proxy	-2.7	2.5	4f875fd179
MAR00509	c	single	-2.7	2.5	3039b89a59
MAR00510	c	single+proxy	-2.7	2.5	bbf6c8d345
MAR00512	c	single+proxy	-2.7	2.5	d59338c14b
MAR00514	c	single	-2.7	2.5	c8ec5b355b
MAR00515	c	single+proxy	-2.7	2.5	a595a7763a
MAR00516	c	single	-2.7	2.5	7e7d61e874
MAR00518	c	single	-2.7	2.5	7c415696d1
MAR00519	c	single+proxy	-2.7	2.5	80a175cdc8
MAR00520	c	single	-2.7	2.5	09f5f27eba
MAR00522	c	single	-2.7	2.5	773d8b98dc
MAR00523	c	single	-2.7	2.5	01586f8915
MAR00525	c	single	-2.7	2.5	0c1d902f95
MAR00526	c	single+proxy	-2.7	2.5	303294110d
MAR00528	c	single+proxy	-2.7	2.5	26506d8d45
MAR00529	c	single	-2.7	2.5	933b1453e4
MAR00530	c	single+proxy	-2.7	2.5	dbf0af7812
MAR00534	c	single	-2.7	2.5	e2c845dccc
MAR00535	c	single	-2.7	2.5	4d49712428
MAR00536	c	single	-2.7	2.5	11f8aafff0
MAR00537	c	single	-2.7	2.5	cc5c5fd0e5
MAR00538	c	single	-2.7	2.5	e4857020e1
MAR00540	c	single+proxy	-2.7	2.5	68c4800b33
MAR00541	c	single+proxy	-2.7	2.5	4ba3982cf8
MAR00542	c	single	-2.7	2.5	53d570513c
MAR00543	c	single	-2.7	2.5	4f7b07c0cc
MAR00544	c	single	-2.7	2.5	db736d1ae6
MAR00635	c	single	-272.7	70714.3	ee99f90c98
MAR00636	c	single	-19.7	0.5	1551318787
MAR00638	c	single	4.3	2.9	d234b4c3b8
MAR00640	c	single	-9.9	1.0	86e7415e28
MAR00641	c	single	-40.4	1.0	1128c0e5e3
MAR00646	c	single	-264.8	70715.0	da70a1735d
MAR00647	c	single	-53.0	3.6	13f87b5d0f
MAR00648	c	single	-23.5	3.2	9e6548d171
MAR00649	c	single	-21.8	3.2	b63c6d9f80
MAR00651	c	single	-4.0	2.9	c3ab6beddb
MAR00703	x	single	-23.6	2.2	4f8935d384
MAR00705	x	single	-6.9	2.5	37b2961e2c
MAR00706	x	single	14.0	6.8	811c060f1e
MAR00708	c	single	-57.9	1.4	86134a0f94
MAR00709	x	single	-43.9	6.4	36c98ad4f8
MAR00710	c	single	-12.5	3.8	ffc36c7ad7
MAR00712	x	single	-12.4	3.8	ce34f71f9b
MAR00719	c	single	-26.1	2.1	9da2be1cd1
MAR00737	c	single	-11.6	1.5	88846ca09a
MAR00738	c	single	-9.6	3.9	93b95d7d5e
MAR00739	c	single	-11.6	1.5	6d5f17dc44
MAR00741	c	single	-16.5	1.0	a426b66bb8
MAR00742	m	single	-6.7	3.3	ca1a8c2e20
MAR00743	c	single	-513.9	5.2	0eaf9c7afa
MAR00744	c	single	-10.0	1.2	4e36121e84
MAR00745	c	single	-513.9	5.2	e68a64c7de
MAR00746	c	single	-35.3	1.2	028735e935
MAR00747	c	single	-513.9	5.2	2e8506e7d5
MAR00748	c	single	16.1	1.8	820a4ad652
MAR00749	c	single	-513.9	5.2	5fce5889c5
MAR00773	c	single	-10.0	1.2	e84bb43272
MAR00775	c	single	-35.4	1.2	044634ba78
MAR00779	c	single	-16.1	1.8	816e83e721
MAR00781	c	single	-57.9	1.4	c9b09309c5
MAR00783	e	single	-35.3	1.2	cea656b8ef
MAR00794	c	single	141.9	70714.9	4f97890606
MAR00799	m	single	-231.6	11.8	5d30246979
MAR00912	c	single	-25.9	2.3	cf63a7d997
MAR00914	l	single	-13.8	2.2	9f605f5617
MAR00915	c	single	-257.4	70714.4	de1e786d49
MAR00923	m	single	-17.0	1.9	85428e14cd
MAR00927	x	single	-11.1	1.9	471eeda1b8
MAR00931	c	single	-378.2	3.3	fce27fb841
MAR00932	c	single	-378.2	3.3	ba092be5a1
MAR00933	c	single	-378.2	3.3	ffb3c94cb7
MAR00934	c	single	-373.8	3.4	0f18efba30
MAR00935	c	single	-378.2	3.3	b75cc2976a
MAR00936	c	single	-378.2	3.3	72d40201ef
MAR00937	c	single	-378.2	3.3	82c911b1f0
MAR00938	c	single	-378.2	3.3	55fdac44ce
MAR00939	c	single	-378.2	3.3	c0325a8c3d
MAR00940	c	single	-378.2	3.3	58445626af
MAR00942	c	single	-403.6	4.8	c9a54c33b1
MAR00945	c	single	25.8	3.6	b3af578146
MAR00946	c	single	-403.6	4.8	cfd77417ce
MAR00949	c	single	25.8	3.6	c47abbb754
MAR00950	c	single	-403.6	4.8	3f9f83e4ce
MAR00953	c	single	25.8	3.6	6c5197c72b
MAR00954	c	single	-403.6	4.8	f39ab18b14
MAR00957	c	single	25.8	3.6	56b27796f7
MAR00958	c	single	17.1	100000.0	6a0fb1b130
MAR00959	c	single	-0.0	100000.0	eabb5d5fe5
MAR00960	c	single	15.6	100000.0	51aaaf20d4
MAR00963	m	single	16.1	100000.0	62d73568fe
MAR00969	c	single	-374.2	3.1	42ecef5789
MAR00970	m	single	-17.0	1.9	720ff5b53f
MAR00972	x	single	-11.1	1.9	30a7bd8a1f
MAR00973	c	single	17.4	1.0	072694f707
MAR00979	c	single	-0.0	0.0	c216a400c4
MAR00980	c	single	17.4	1.0	d88850b0b3
MAR00981	c	single+proxy	-374.2	3.1	e0c556d9e3
MAR00983	c	single	17.1	100000.0	362555f061
MAR00985	n	single	17.1	100000.0	d6bc83cb30
MAR00986	r	single	17.1	100000.0	f8f2a77e08
MAR00987	x	single	17.1	100000.0	59a102fc7b
MAR00988	c	single	-15.6	100000.0	c31963d30d
MAR00989	c	single	17.4	1.0	ba5bae019e
MAR00990	c	single	17.4	1.0	77e5e4aa6f
MAR00991	c	single	0.0	100000.0	56e6340009
MAR00992	c	single	-25.8	3.6	6ea37a3a5b
MAR00993	c	single	-0.0	100000.0	791fdd834c
MAR00994	c	single	-25.8	3.6	50ef9f0374
MAR00995	c	single	-378.2	3.3	c20a4a1ffc
MAR00996	x	single	-379.3	3.3	0b1b1d8cc9
MAR00997	r	single	-378.2	3.3	c90c5b0c88
MAR00998	c	single+proxy	-346.1	4.6	487996b4f1
MAR00999	x	single+proxy	-346.1	4.6	6af260ce9b
MAR01000	r	single+proxy	-346.1	4.6	098d2ffa59
MAR01002	c	single+proxy	25.8	3.6	222330e2b7
MAR01003	x	single+proxy	25.8	3.6	ccac1f94e3
MAR01004	r	single+proxy	25.8	3.6	8e6fb2707a
MAR01006	c	single+proxy	25.8	3.6	f207c2c067
MAR01007	x	single+proxy	25.8	3.6	7a48c07623
MAR01008	r	single+proxy	25.8	3.6	8371139bd8
MAR01010	c	single	-0.0	100000.0	467a26164a
MAR01011	n	single	-0.0	100000.0	51039d089f
MAR01012	c	single	-76.9	3.6	6b1dbdcc8c
MAR01015	c	single	0.0	100000.0	69fa36c695
MAR01016	n	single	0.0	100000.0	aee4e68c09
MAR01017	r	single	0.0	100000.0	b8a476ae1c
MAR01019	c	single	-76.9	3.6	9de0c9640c
MAR01020	c	single	25.8	3.6	6bc3f1f923
MAR01021	n	single	25.8	3.6	1c204bb9ac
MAR01022	r	single	25.8	3.6	ef1481bbee
MAR01023	x	single	25.8	3.6	2fed679f59
MAR01024	c	single	-76.9	3.6	a39a3c09a8
MAR01025	c	single	25.8	3.6	b05c3415e0
MAR01026	n	single	25.8	3.6	c836b01aba
MAR01027	r	single	25.8	3.6	c7bc4c6ebd
MAR01028	x	single	25.8	3.6	8a40b38f9f
MAR01029	c	single	17.1	100000.0	813703cd0b
MAR01030	e	single	17.1	100000.0	2f193a1e41
MAR01031	c	single	-79.6	4.0	63276bc255
MAR01032	c	single	-74.1	3.8	d71b59bc1d
MAR01033	r	single	17.1	100000.0	d80bde7364
MAR01034	x	single	17.1	100000.0	1f4d1c28e2
MAR01036	c	single	-224.4	10.6	57f75e99bd
MAR01037	c	single	15.6	100000.0	ea1a0d2adb
MAR01038	c	single	-4.7	1.3	00b02f3616
MAR01039	r	single	15.6	100000.0	06f5cfce87
MAR01040	c	single	17.4	1.0	8eeacbb2d7
MAR01041	c	single	0.0	100000.0	0905294dc3
MAR01042	c	single	25.8	3.6	6f5beb7f9f
MAR01043	c	single	0.0	100000.0	a71be91930
MAR01045	e	single	0.0	100000.0	a9ae7a1f0e
MAR01048	x	single	0.0	100000.0	6ef673e13d
MAR01049	r	single	0.0	100000.0	27049c91d5
MAR01050	c	single	17.5	4.1	409df44a19
MAR01053	r	single	17.5	4.1	a115421bce
MAR01054	x	single	17.5	4.1	1478bfd6c5
MAR01055	c	single	25.8	3.6	7536e11ce6
MAR01057	r	single	25.8	3.6	6f5d69295e
MAR01058	x	single	25.8	3.6	08b493ea61
MAR01062	c	single	17.1	100000.0	1f5b7d2d6e
MAR01063	c	single	15.6	100000.0	73bddfd269
MAR01064	c	single	17.1	100000.0	362963a080
MAR01071	c	single	-374.2	3.1	3918d2f134
MAR01072	r	single	-374.2	3.1	20e7f32a1f
MAR01074	c	single	-58.0	1.4	db941de0ba
MAR01080	c	single	25.8	3.6	af308706cc
MAR01081	c	single	17.5	4.1	6aca4be806
MAR01085	e	single	-17.8	2.3	db0507ff3a
MAR01087	c	single	0.0	0.0	ef6a6fb111
MAR01088	c	single	26.7	1.8	e470ca39da
MAR01091	n	single	26.7	1.8	16669bc5f4
MAR01092	c	single	25.8	3.6	efe517cb11
MAR01093	c	single	-378.6	3.1	fea4c66d11
MAR01096	n	single	-378.6	3.1	5d7515fc08
MAR01097	c	single	-17.4	1.0	371d9ed122
MAR01098	c	single	-57.9	1.4	a2eacdd4b5
MAR01099	c	single	-17.4	1.0	3eb33d4190
MAR01100	c	single	17.4	1.0	b29117a99b
MAR01101	m	single	12.7	1.0	f4977f0435
MAR01102	m	single	12.7	1.0	f8d4de550e
MAR01103	r	single	17.4	1.0	5f13161075
MAR01105	x	single	18.5	1.0	47eb624164
MAR01106	x	single	18.7	1.0	83251e1110
MAR01107	c	single	-374.2	3.1	9bf6c0b253
MAR01108	r	single	-374.2	3.1	05e27830f0
MAR01119	c	single	-7.9	2.6	99a15f3b7a
MAR01120	m	single	-8.0	2.6	b79f1d2d72
MAR01121	r	single	-7.9	2.6	a80404e9c2
MAR01122	x	single	-7.9	2.6	d67578a78c
MAR01123	c	single	17.4	1.0	ef6e0dae7f
MAR01124	m	single	12.7	1.0	a6e999abcb
MAR01125	x	single	18.5	1.0	433a838962
MAR01126	c	single	-374.2	3.1	09aa4d724b
MAR01127	m	single	-369.6	3.1	3ceb9d62c5
MAR01128	r	single	-374.2	3.1	493a485972
MAR01129	c	single	19.4	1.0	b3a2bfbcd2
MAR01130	m	single	14.7	1.0	a1de4e4bed
MAR01131	r	single	19.4	1.0	cd015520a6
MAR01132	c	single	42.2	1.1	2c46a1a7b9
MAR01133	m	single	-51.4	1.1	79154ec0e2
MAR01134	r	single	42.2	1.1	9b0dceb6d3
MAR01136	r	single	0.0	100000.0	138d50a4e9
MAR01137	c	single	64.8	100000.0	0764811ded
MAR01138	r	single	64.8	100000.0	b9ce2e725c
MAR01139	c	single	64.8	100000.0	074a9b7c33
MAR01140	r	single	64.8	100000.0	bafcb2dabc
MAR01142	r	single	44.3	100000.0	49aa450b38
MAR01146	c	single	-17.4	1.0	e0560e6f87
MAR01147	m	single	-12.7	1.0	c06f927d08
MAR01148	x	single	-18.5	1.0	ff9b132262
MAR01149	c	single+proxy	-57.9	1.4	ade0916def
MAR01150	m	single+proxy	-53.3	1.4	ed13cb6c74
MAR01151	r	single+proxy	-57.9	1.4	382416b679
MAR01152	x	single+proxy	-59.1	1.4	9f0348e046
MAR01153	c	single+proxy	-17.4	1.0	44a1387eac
MAR01154	m	single+proxy	-12.7	1.0	b2c01c0f42
MAR01155	r	single+proxy	-17.4	1.0	d44ba4b2ac
MAR01156	x	single+proxy	-18.5	1.0	81839b3a35
MAR01186	c	single+proxy	0.0	0.0	5ddb682980
MAR01190	c	single+proxy	-17.4	1.0	3a280317c0
MAR01191	m	single+proxy	-12.7	1.0	00d136ecfc
MAR01192	x	single+proxy	-18.5	1.0	052197692d
MAR01193	c	single+proxy	-57.9	1.4	18e6780047
MAR01194	m	single+proxy	-53.3	1.4	3e1fa7a735
MAR01195	r	single+proxy	-57.9	1.4	ea4e472965
MAR01196	x	single+proxy	-59.1	1.4	030ce0b5da
MAR01197	c	single	17.4	1.0	2e70f5c256
MAR01198	m	single	12.7	1.0	8d0bd093da
MAR01199	x	single	18.5	1.0	4c3c783020
MAR01228	c	single+proxy	-58.0	1.4	f361278959
MAR01229	m	single+proxy	-53.3	1.4	77e560d694
MAR01230	x	single+proxy	-59.3	1.4	129aaca727
MAR01231	c	single+proxy	-17.4	1.0	9e03b8fca3
MAR01232	m	single+proxy	-12.7	1.0	c00420527b
MAR01233	x	single+proxy	-18.5	1.0	7f3fe0de53
MAR01238	c	single	64.8	100000.0	b64c1b896e
MAR01239	r	single	64.8	100000.0	63094132a6
MAR01280	c	single+proxy	17.4	1.0	4407082024
MAR01281	m	single+proxy	12.7	1.0	fc825b3e43
MAR01282	x	single+proxy	18.5	1.0	91c9c4c5ec
MAR01285	c	single+proxy	0.0	0.0	7f350b6282
MAR01287	x	single	-375.4	3.1	f5a1e34eba
MAR01288	x	single	20.7	1.0	d3b4f4acb1
MAR01289	x	single	-39.8	1.1	4403acdefc
MAR01305	r	single	34.2	100000.0	9156b8dfdb
MAR01307	r	single	47.7	100000.0	85204c6c99
MAR01308	r	single	-45.2	100010.7	38e644ceee
MAR01310	r	single	372.9	62808.1	890afff29b
MAR01312	c	single	307.5	118090.8	18977cdb06
MAR01313	r	single	44.4	14.3	e44f5b5acb
MAR01315	r	single	388.3	118091.1	3d19e1136b
MAR01317	c	single	16.5	1.9	71d373092a
MAR01318	c	single	372.9	62808.1	7ab229ec59
MAR01319	c	single	2.3	1.6	3c2a4f160e
MAR01320	c	single	-75.9	1.4	d49459acfe
MAR01321	c	single	26.5	3.4	01ea541001
MAR01322	c	single	-24.9	4.0	ba65fba455
MAR01323	c	single	24.9	4.0	9fdcc8bf3e
MAR01324	c	single	-76.2	6.4	a751f1da75
MAR01325	c	single	-309.8	118090.6	0b00ae1b0f
MAR01326	c	single	-309.9	118090.6	2f3dfc68f4
MAR01327	c	single	-2.4	1.6	0a56a53018
MAR01328	c	single	-17.4	1.0	a23c0965fe
MAR01329	c	single	2.4	1.6	eec19c5b16
MAR01330	c	single	307.5	118090.8	acebad467b
MAR01332	c	single	-68.9	3.7	5b003d5937
MAR01333	r	single	-68.9	3.7	fda2c50920
MAR01334	c	single+proxy	-42.9	3.1	4466790030
MAR01335	r	single	-68.9	3.7	c1dda3d83c
MAR01336	c	single	25.1	3.1	5fc57f15ce
MAR01339	c	single	-397.6	118091.7	3be18897b2
MAR01341	c	single	-40.5	2.7	d4b6107ea0
MAR01342	c	single	-40.5	2.7	f6f43749ea
MAR01343	c	single	-40.5	2.7	d48577924b
MAR01346	c	single	5.1	1.7	f1cd681297
MAR01347	c	single	-47.7	3.2	2cc290d017
MAR01352	c	single	-32.3	1.2	25c971228c
MAR01359	c	single+proxy	17.1	100000.0	d3f42f802a
MAR01360	c	single+proxy	-1.9	100000.0	a8926c48b4
MAR01362	c	single+proxy	17.1	100000.0	4be3416283
MAR01367	c	single	63.0	4.6	c3e811167e
MAR01370	c	single	20.6	4.2	5e9c3d693e
MAR01371	m	single	-17.4	2.0	c5216d0d0a
MAR01372	m	single	-78.6	2.9	a3d97aee5c
MAR01373	c	single	-0.0	0.0	99aa85107f
MAR01374	c	single	0.4	1.5	ec261ca461
MAR01375	c	single	0.4	1.5	9a70c4a0a9
MAR01376	c	single	0.4	1.5	c671926723
MAR01388	c	single+proxy	17.1	100000.0	c7417c7ae6
MAR01390	c	single	34.2	100000.0	2f4a0d13bc
MAR01391	r	single	34.2	100000.0	8501a00417
MAR01392	c	single	47.7	100000.0	d1b4b10920
MAR01393	r	single	47.7	100000.0	d6e715b21c
MAR01394	c	single	-316.5	118090.9	42be779281
MAR01395	c	single	35.5	3.5	a0f8662b03
MAR01397	x	single	-78.0	2.9	b6336430fb
MAR01398	c	single	20.6	4.2	a05b4d2af5
MAR01401	c	single	-24.9	4.0	6c6c5c31c7
MAR01402	c	single	24.9	4.0	626cd2edcb
MAR01434	c	single	-25.0	0.9	57a19a5639
MAR01436	c	single	-0.4	1.4	f4b3898a08
MAR01437	c	single	-18.1	2.4	f46ce7b992
MAR01439	m	single	2.8	1.7	5a003c50e2
MAR01440	c	single	-17.6	1.8	15f0c7017b
MAR01445	c	single	-15.7	2.1	1de3e896bc
MAR01446	r	single	-17.6	1.8	9dee668802
MAR01448	c	single	-0.5	2.1	3caebfddcf
MAR01449	x	single	-38.4	2.6	0f1764c49d
MAR01451	c	single	-68.4	4.0	7620488708
MAR01453	c	single	-29.9	1.4	31db6cc2f3
MAR01454	c	single	-4.8	2.9	5b50782a20
MAR01456	x	single	-443.1	4.0	c03f78c650
MAR01457	c	single	-78.0	2.8	95421b6fa2
MAR01460	c	single	-79.3	2.9	b76ba9127a
MAR01465	c	single	-157.1	7.8	81cbd8ed5d
MAR01467	c	single	-29.5	7.8	66eee4612f
MAR01468	x	single	-4.9	2.9	98b782dc3c
MAR01470	c	single	-397.7	4.7	b4f236de6b
MAR01471	c	single	-579.8	24.6	f31e162ffd
MAR01472	c	single	-11.7	2.1	143d0bf685
MAR01473	c	single	-836.8	314460.9	d7d9fe78d7
MAR01474	m	single	-49.2	2.5	5b847c9168
MAR01477	c	single	-374.2	3.1	e69b763462
MAR01478	c	single	-417.7	3.3	89d0fb0806
MAR01479	c	single	-665.2	104822.8	413b0e7f4a
MAR01484	c	single	-16.0	8.0	406bb6432d
MAR01488	c	single	-2.8	1.7	03894e4646
MAR01489	m	single	2.8	1.7	bcaa0c431a
MAR01490	c	single	-374.2	3.1	2d3b7f7cbf
MAR01493	c	single	-417.7	3.3	2a82c08cfc
MAR01494	c	single	-477.6	3.1	fd09b8bd75
MAR01495	c	single	-41.2	4.0	162cc56203
MAR01496	c	single	-41.1	4.0	365fce9f9f
MAR01497	c	single	-1457.1	104826.4	9ef7d33213
MAR01498	r	single	-836.8	314460.9	9d8c836db0
MAR01500	c	single	2.4	1.6	ef2e98bdf5
MAR01502	c	single	-374.2	3.1	bdb92e6bc1
MAR01503	c	single	-417.7	3.3	45e9e5454a
MAR01504	c	single	-477.6	3.1	1f720ebd23
MAR01505	c	single	-31.5	3.6	d47ff1495c
MAR01508	r	single	-421.0	6.3	c582c208c7
MAR01509	c	single	2.4	4.1	90c16258d3
MAR01510	r	single	-421.0	8.6	8cfe495710
MAR01512	c	single	6.8	2.9	30b58bb455
MAR01516	c	single	-421.0	6.3	bd24a953d7
MAR01519	c	single	-16.0	8.0	a355aa590a
MAR01520	x	single	-14.8	2.1	f6ebf5bdfc
MAR01521	c	single	-35.4	5.9	7cb3a3d717
MAR01522	x	single	-36.5	5.9	bc763b6847
MAR01523	m	single	-49.8	1.1	aacd830092
MAR01526	c	single	-54.7	1.8	0bde5aaebb
MAR01532	c	single+proxy	-74.5	2.9	cae3b9acee
MAR01533	c	single	-54.7	4.2	5a6f4f6120
MAR01535	c	single	-54.7	1.8	6ce5290532
MAR01536	c	single	-374.2	3.1	6997c28952
MAR01538	c	single	-417.7	3.3	9cd8d2f4fc
MAR01539	c	single	-665.2	104822.8	8c8f19035f
MAR01540	c	single	-16.0	8.0	be91e83bd5
MAR01542	c	single	-3.0	2.9	31ab004e45
MAR01543	c	single	-374.2	3.1	dc54ddf3f0
MAR01544	c	single	-417.7	3.3	4662303f23
MAR01545	c	single	-477.6	3.1	6109fc52c7
MAR01546	c	single	-41.2	4.0	2380d24518
MAR01547	c	single	2.4	1.6	6ef9a1a6cc
MAR01548	c	single	-374.2	3.1	74926542a4
MAR01549	c	single	-417.7	3.3	93d8d5c713
MAR01550	c	single	-477.6	3.1	1b3cfb70b8
MAR01551	c	single	-31.5	3.6	b82942468d
MAR01552	c	single	2.4	1.6	7ed7be9e4f
MAR01553	c	single	6.8	7.0	e73a8f9cb7
MAR01554	m	single	-25.0	4.7	ecdf8c433f
MAR01557	c	single	-421.0	8.6	ee882d1291
MAR01558	c	single	-421.0	8.6	79a98f30df
MAR01565	c	single	-16.0	8.0	ff2ea75475
MAR01567	m	single	-413.0	3.3	e497ce2dc9
MAR01568	c	single	-52.1	1.3	e20b51c030
MAR01569	r	single	-387.7	3.3	498374f58b
MAR01570	c	single	-54.7	4.2	97cf482f3d
MAR01571	r	single	-378.6	3.1	c7eb2a26ab
MAR01573	m	single	-22.7	2.4	45f2701135
MAR01574	r	single	-387.7	3.3	a1616c1b2a
MAR01575	r	single	-678.4	4.7	f41ecaab83
MAR01576	m	single	-4.9	1.4	9b9fded499
MAR01577	m	single	-38.4	2.6	fbe3e42c12
MAR01581	r	single	-387.7	3.3	aed7ff7bd0
MAR01584	r	single	-2.3	1.6	61fe9149f7
MAR01585	r	single	-2.4	1.6	5aa842366c
MAR01589	r	single	-387.7	3.3	cba046a5f5
MAR01590	r	single	-387.8	3.3	87778299a8
MAR01591	r	single	-7.3	1.5	bdb986818d
MAR01595	c	single	-16.0	8.0	cefdf5e79e
MAR01598	c	single	2.3	1.6	5cb00f369a
MAR01599	c	single	2.4	1.6	9bc3a6eabb
MAR01605	m	single	-369.6	3.1	2ca3fc9862
MAR01608	c	single	19.4	1.0	89640af813
MAR01610	m	single	-413.0	3.3	4438b461d6
MAR01611	c	single	-40.5	1.1	645c0ba3e3
MAR01614	m	single	-477.6	3.1	dffa054e4a
MAR01616	m	single	-0.1	2.1	656ffa8e99
MAR01624	r	single	-11.6	1.5	eff25316a0
MAR01625	x	single	-10.5	1.5	c1539d545e
MAR01627	c	single	-11.6	1.5	23bc7a5a76
MAR01628	x	single	0.3	2.1	a006bd9e60
MAR01632	x	single	0.0	0.0	6e912572d1
MAR01634	m	single	-14.5	4.1	bb962a25cd
MAR01642	x	single	3.7	1.9	3812b28fa7
MAR01643	m	single	51.3	100000.0	90e81cfb8b
MAR01646	x	single	18.7	1.0	cf9827ae96
MAR01649	r	single	-488.7	9.5	5677272324
MAR01652	x	single	-25.0	3.1	c7f828f14c
MAR01655	x	single	2.3	2.0	f5ac33a7a3
MAR01660	c	single	-45.3	1.4	e5216f9b3e
MAR01663	x	single	-44.1	1.4	41575bc9f0
MAR01667	x	single	-30.4	1.9	7e06e0b4c2
MAR01668	c	single	-31.5	1.9	e26f8dfa87
MAR01670	c	single	-27.6	2.6	f6c7da11dc
MAR01673	c	single	-16.0	8.0	80aacf7bb6
MAR01674	x	single	-44.1	1.4	d5667ca92d
MAR01675	x	single	-44.1	1.4	7981207a27
MAR01676	c	single	2.4	1.6	5b323f5fa2
MAR01677	x	single	-44.1	1.4	39f803bb8d
MAR01678	c	single	2.3	1.6	0171daf4c4
MAR01681	c	single	-374.2	3.1	2888308265
MAR01682	m	single	-369.6	3.1	7df5bcdf1e
MAR01684	c	single	-19.4	1.0	ef8b7bcdf0
MAR01685	m	single	14.7	1.0	a73058e81b
MAR01687	m	single	-369.6	3.1	261259e9a5
MAR01689	m	single	14.7	1.0	d09823e429
MAR01690	c	single	19.4	1.0	8c3cefce62
MAR01691	m	single	-49.8	1.1	825ffa435c
MAR01692	c	single	-40.5	1.1	5c5b98e8f6
MAR01693	m	single	-477.6	3.1	54e2206fc7
MAR01697	c	single	-11.6	1.5	d58f42f8c8
MAR01699	r	single	-11.6	1.5	a2ecdd99e6
MAR01700	x	single	-10.5	1.5	281ff58c5e
MAR01703	x	single	0.0	0.0	729b129f0c
MAR01706	x	single	3.7	1.9	f2ff451bf4
MAR01708	x	single	18.7	1.0	4bb1a697ea
MAR01710	x	single	-25.0	3.1	3431cc19b5
MAR01711	x	single+proxy	1.1	27.5	067c0c3214
MAR01714	r	single	-397.7	4.7	e6c5d1a652
MAR01715	r	single	-186.6	4.7	1e687e632f
MAR01716	x	single	-44.1	1.4	f65094cf97
MAR01718	c	single	-45.3	1.4	0f9978c04d
MAR01720	x	single	-30.5	1.9	4f99b77c72
MAR01722	c	single	-27.6	2.6	204b35ef28
MAR01723	c	single	-31.5	1.9	6604e380ee
MAR01724	m	single	-0.4	1.5	c32bd86ff2
MAR01726	c	single	-11.6	1.5	e3d928f940
MAR01727	r	single	-11.6	1.5	42319e7862
MAR01729	c	single	-251.4	70714.2	3ae1e8fc69
MAR01730	c	single	143.5	70714.9	f0045380dc
MAR01735	c	single	-378.6	3.1	dba7f65068
MAR01737	c	single	-387.7	3.3	827ecf8066
MAR01738	c	single	-2.3	1.6	1182f1f9b5
MAR01739	c	single	-387.7	3.3	8cae1c71e7
MAR01740	c	single	-16.0	8.0	cd17e17376
MAR01741	c	single	-16.0	8.0	341a355d17
MAR01742	c	single	2.4	1.6	fec3fb01f7
MAR01743	c	single	2.4	1.6	aa84af5d5b
MAR01746	m	single	-369.6	3.1	66b1763ee0
MAR01747	m	single	-369.6	3.1	6f23414485
MAR01748	m	single	-413.0	3.3	04b68c68ab
MAR01749	m	single	-413.0	3.3	91bc40c35a
MAR01750	m	single	-477.6	3.1	d2989df37d
MAR01751	m	single	-477.6	3.1	6c53accd15
MAR01754	c	single	-11.6	1.5	28c365e4b2
MAR01756	c	single+proxy	-11.6	1.5	c40429e1fe
MAR01760	x	single	0.0	0.0	c5900971ee
MAR01761	x	single+proxy	0.0	0.0	edf8fa1c16
MAR01762	m	single	-369.6	3.1	359247f610
MAR01765	c	single	-387.7	3.3	10189788c4
MAR01766	c	single	-2.3	1.6	1e3be86805
MAR01767	c	single	-387.7	3.3	6395865bf8
MAR01768	c	single	-16.0	8.0	4102dda37a
MAR01769	c	single	-16.0	8.0	e1e11e7bc9
MAR01770	c	single	2.4	1.6	551d96df23
MAR01771	c	single	2.4	1.6	35e79892eb
MAR01773	m	single+proxy	2.8	1.7	69e99bf7fc
MAR01776	r	single	-382.7	3.1	e86389a483
MAR01777	r	single	-387.7	3.3	8eaddd75aa
MAR01778	r	single	2.3	1.6	871d79a9ff
MAR01790	m	single+proxy	14.7	1.0	5bc29ee88c
MAR01792	m	single+proxy	-49.8	1.1	089caae9c4
MAR01794	m	single	-383.1	3.3	55648234ba
MAR01796	m	single	-7.0	1.6	096f8c15a6
MAR01798	m	single	-383.1	3.3	fc533c2694
MAR01800	m	single	-890.6	6.3	f44a84f858
MAR01804	c	single	-374.2	3.1	b31ba6a913
MAR01805	m	single	-369.6	3.1	f5180fd93a
MAR01807	m	single	43.4	1.4	bc7fc0516a
MAR01810	r	single	-382.7	3.1	2fd1b56bd9
MAR01811	r	single	-378.6	3.1	667cf3a0b8
MAR01812	c	single	-28.6	1.1	179a7efe90
MAR01813	r	single	-27.8	1.4	c319f9f974
MAR01815	r	single	-378.6	3.1	6ea1ba706a
MAR01817	r	single	-378.6	3.1	d84ce7c828
MAR01819	r	single	-374.2	3.1	5bf351795e
MAR01820	r	single	4.0	2.6	9a42ae2412
MAR01830	c	single	-387.7	3.3	0cb5f96e5c
MAR01831	r	single	-387.7	3.3	48b19ecddc
MAR01832	c	single	-11.6	1.5	af1e9fead5
MAR01833	r	single	-11.6	1.5	9168303c00
MAR01834	c	single	17.7	2.3	607598f401
MAR01835	c	single	31.5	1.9	57426c7d23
MAR01837	x	single	30.5	1.9	64889f1662
MAR01838	c	single	-387.7	3.3	3213114b9e
MAR01839	c	single	-387.7	3.3	b3f0a3ab5d
MAR01840	r	single	-387.7	3.3	9a7cff8dda
MAR01841	c	single	-43.2	1.8	ad7129923f
MAR01842	x	single	-41.0	1.8	cf91cfe43e
MAR01843	c	single	-251.3	70714.2	936f40aef4
MAR01844	c	single	-39.2	2.4	1b1687ebcc
MAR01845	x	single	-37.1	2.4	96b31f2d03
MAR01846	c	single	-251.4	70714.2	3cc7b0805c
MAR01847	c	single	143.4	70714.9	e0ab9f41a5
MAR01848	r	single	-11.6	1.5	0e08920c1a
MAR01919	c	single	-249.8	70714.2	1f3aeddcf9
MAR01920	c	single	141.9	70714.9	faee25bd64
MAR01927	m	single	-374.0	3.1	5d9aae2fae
MAR01928	m	single	-378.1	3.1	aa72428eeb
MAR01929	m	single	-424.4	3.4	eaba6dcf60
MAR01931	c	single	-19.4	1.0	c0fe1ca945
MAR01933	c	single	-391.0	3.4	d77c4ec40d
MAR01940	c	single	-374.2	3.1	1c56f4068c
MAR01941	c	single	-2.3	1.6	fe8ef22c86
MAR01943	c	single	-387.7	3.3	57643e320b
MAR01944	c	single	-391.0	3.4	8fc0986ea6
MAR01945	r	single	-391.0	3.4	ae97c0bba8
MAR01948	c	single	-374.2	3.1	a7e55454c0
MAR01949	c	single	-2.3	1.6	a5f3a61abb
MAR01951	c	single	-2.3	1.6	7eda726118
MAR01952	c	single	-249.8	70714.2	ebb5ed7580
MAR01953	c	single	141.9	70714.9	b13bf3069c
MAR01958	c	single	-460.2	3.9	81860a0b06
MAR01959	c	single	-512.4	3.7	8b58a9a80c
MAR01960	r	single	-512.4	3.7	2c6b027550
MAR01962	c	single	-249.8	70714.2	b0c0549ef5
MAR01963	c	single	141.9	70714.9	7118496e78
MAR01967	c	single	-2.3	1.6	5e7f8da44f
MAR01968	r	single	-2.3	1.6	fb3b1c6f6a
MAR01969	c	single	-249.8	70714.2	1b3d94ecfb
MAR01973	c	single	-1.0	0.9	4248afe33f
MAR01974	r	single	-1.0	0.9	f910c0ddf3
MAR01976	c	single	-14.4	8.1	a4d25defed
MAR01977	r	single	-14.4	8.1	5bc0edc151
MAR01978	c	single	2.4	1.6	e2a0cfc781
MAR01979	c	single	-2.3	1.6	442f3c50f7
MAR01980	c	single	0.0	0.0	b2e8780e90
MAR01981	c	single	-391.0	3.4	0b2a8e1cb3
MAR01982	c	single	-2.3	1.6	46cf6b4e2d
MAR01983	c	single	0.0	0.0	ba4d1dee5e
MAR01985	c	single	-510.7	3.6	d4be224467
MAR01987	r	single	-510.7	3.6	e41087908e
MAR01988	c	single	-374.2	3.1	54b4146bd4
MAR01989	c	single	-387.7	3.3	588fa5a658
MAR01990	c	single	-374.2	3.1	9b2e40ad12
MAR01991	c	single	-391.0	3.4	23de961885
MAR01992	c	single	-374.2	3.1	aa64f229b8
MAR01993	c	single	-387.7	3.3	9f880f12ab
MAR01995	m	single	-383.1	3.3	f82adee82e
MAR01996	c	single	-2.4	1.6	3084bef69f
MAR01999	c	single	-575.1	3.9	dde059aa0d
MAR02000	m	single	-570.5	3.9	278a25839f
MAR02001	r	single	-575.1	3.9	09305c43da
MAR02002	c	single	16.0	8.0	be17f1da5f
MAR02003	c	single	-2.4	1.6	7991569ab5
MAR02004	c	single	2.3	1.6	6bc654ec73
MAR02005	c	single	-374.3	3.1	d6675b78c7
MAR02007	c	single	-374.2	3.1	5169ebde4c
MAR02009	m	single	-383.1	3.3	6c0dc791f6
MAR02010	m	single	-369.6	3.1	d14192f62f
MAR02011	m	single	-413.0	3.3	57d9d4b39c
MAR02014	c	single	-17.7	8.1	ae8dc86d1b
MAR02015	r	single	-17.7	8.1	92a4b6e843
MAR02016	c	single	2.3	1.6	5068c2b9d3
MAR02017	r	single	2.3	1.6	1670e3ac8a
MAR02018	c	single	2.4	1.6	02a4ee8af7
MAR02019	r	single	2.4	1.6	0c3a5dcc2a
MAR02020	c	single	141.9	70714.9	bca22d7ca8
MAR02021	e	single	-56.7	3.8	b72444b6c8
MAR02025	c	single	-141.9	70714.9	2082ba7458
MAR02026	r	single	-157.1	7.8	8839abbba2
MAR02028	m	single	-56.1	2.1	b1f3c43358
MAR02031	c	single	-346.9	104824.3	e02fbf8c4e
MAR02034	c	single	-341.3	104824.5	c54ad8e98f
MAR02036	c	single	-3.2	1.5	8feb6bb2f4
MAR02037	c	single	-291.2	70714.2	b5f20d092d
MAR02038	c	single	183.3	70714.9	2070f2d886
MAR02041	r	single	-3.2	1.5	b370634ca7
MAR02042	c	single	-421.5	3.9	431251b154
MAR02043	r	single	-421.5	3.9	92afc74d86
MAR02044	c	single+proxy	8.8	100004.3	0a911247a1
MAR02045	c	single	-8.8	100004.3	8d6c23ff9b
MAR02046	c	single	-421.5	3.9	48cdbc669e
MAR02047	r	single	-421.5	3.9	de47daa801
MAR02048	c	single	-8.8	100004.3	7da62c86fe
MAR02049	c	single	-427.2	3.9	b6972cacb1
MAR02050	l	single	-445.6	3.9	fb662779da
MAR02051	r	single	-427.2	3.9	9aa3d22ba3
MAR02052	c	single	-8.8	100004.3	1ecf1fe06b
MAR02053	c	single	-390.5	3.4	a8c8067f2c
MAR02054	r	single	-390.5	3.4	99d22e1da9
MAR02055	c	single	-427.2	3.9	4f685f5e55
MAR02056	l	single	-445.6	3.9	58e22c7f28
MAR02057	r	single	-427.2	3.9	da386a14af
MAR02058	c	single	-8.8	100004.3	517d473f54
MAR02059	r	single	-8.8	100004.3	d4cd4a6273
MAR02060	c	single+proxy	8.8	100004.3	dbb5b5496b
MAR02114	c	single	568.4	137393.7	8508ff5f4e
MAR02115	c	single	-382.7	3.1	d2bb9dd015
MAR02117	m	single	-378.1	3.1	1fdbfacb92
MAR02118	c	single	-387.7	3.3	eee4308966
MAR02119	c	single	15.2	100000.0	f2147c3a0f
MAR02120	e	single	-65.7	2.4	ce3ada6757
MAR02121	x	single	2.2	2.9	da0dfdf6c5
MAR02122	x	single	-2.8	1.7	41514e6688
MAR02123	x	single	-2.8	1.7	f45f781bea
MAR02124	e	single	-44.6	2.9	4d942e111b
MAR02125	e	single	-46.4	2.6	574c44537a
MAR02130	m	single	-374.0	3.1	29d78cffb3
MAR02132	m	single	-369.6	3.1	dbcdf4d341
MAR02134	m	single+proxy	-411.2	3.6	f7840a732c
MAR02136	m	single+proxy	-449.0	3.7	91819955e7
MAR02138	m	single	-374.0	3.1	569f44dbdc
MAR02140	m	single	-383.1	3.3	752087b8d2
MAR02141	m	single	-374.0	3.1	ef2a478c13
MAR02143	m	single	-415.0	3.3	a9a07f9197
MAR02145	m	single	-374.0	3.1	c056943109
MAR02146	m	single	-52.4	4.5	392875cbcb
MAR02147	r	single	-29.5	7.8	6bd5f54294
MAR02148	m	single	-53.3	1.4	97d9bff7be
MAR02149	m	single	-53.3	1.4	73b337b8b7
MAR02183	m	single	-53.3	1.4	aa10271d48
MAR02186	e	single	-130.2	6.9	2117dafc22
MAR02187	m	single	-53.3	1.4	40ab4c012c
MAR02188	m	single	-50.0	1.1	babb64e9fc
MAR02189	m	single	-50.0	1.1	45dfcc6142
MAR02190	c	single	1.6	3.6	3b4f4253d3
MAR02191	c	single	-17.4	1.0	31899f95c6
MAR02192	m	single	-49.9	1.1	9ac28256e9
MAR02193	c	single	-0.4	1.5	ec79c6ec86
MAR02194	c	single	-57.9	1.4	386147ffe1
MAR02195	m	single	-49.8	1.1	720312cae8
MAR02196	m	single	-49.9	1.1	d1bb387115
MAR02197	m	single	-49.8	1.1	3d13397906
MAR02198	e	single	-93.2	12.4	37c0917e8e
MAR02200	r	single	-1457.1	104826.4	a74e5f19bc
MAR02201	c	single	-1.2	3.4	877737f417
MAR02202	c	single	-17.4	1.0	e1292557bc
MAR02203	c	single	-0.4	1.5	a4cb85e180
MAR02204	c	single	-57.9	1.4	81a37a9806
MAR02205	c	single	-1.2	3.4	53d15b260e
MAR02206	r	single	-54.7	4.2	0d3927cb18
MAR02207	m	single	-53.1	2.3	b0346b6791
MAR02208	c	single	-17.4	1.0	42228ebe5b
MAR02209	c	single	-0.4	1.5	0ef3657e04
MAR02210	c	single	-57.9	1.4	e7c74486f0
MAR02211	c	single	-1.2	3.4	03f4a3a0c0
MAR02212	c	single	-17.4	1.0	121a892b76
MAR02213	c	single	-0.4	1.5	77b08ad755
MAR02214	c	single	-57.9	1.4	453ee174d2
MAR02215	c	single	-1.2	3.4	572ba80408
MAR02217	c	single	-17.4	1.0	112b059c65
MAR02218	c	single	-0.4	1.5	d486176dc5
MAR02219	c	single	-57.9	1.4	8f4923b9f7
MAR02270	c	single	-57.9	1.4	a08994d5ab
MAR02281	c	single	-379.1	3.5	ac65ac6976
MAR02282	c	single	-379.1	3.5	5957efd206
MAR02284	c	single	-379.1	3.5	afb190ba34
MAR02286	c	single	-376.3	3.8	53389d2a91
MAR02287	c	single	-376.3	3.8	781f699b71
MAR02288	c	single	-379.1	3.5	407ec13c5a
MAR02289	c	single	-379.1	3.5	187bb32001
MAR02292	c	single	-379.1	3.5	4cdcbcbd25
MAR02293	c	single	-379.1	3.5	b3fc9a787e
MAR02294	c	single	-379.1	3.5	421af5fcca
MAR02295	c	single	-379.1	3.5	1cf2c18348
MAR02296	c	single	-379.1	3.5	fd28e05deb
MAR02301	r	single	2.4	1.6	04667d19f3
MAR02305	c	single+proxy	-1.2	3.4	964c7eeef6
MAR02306	r	single	-1.0	2.3	2665f4d3df
MAR02307	c	single+proxy	-17.4	1.0	d4fcd7a56d
MAR02308	c	single	-2.7	2.5	c9d7336ba4
MAR02309	c	single+proxy	-0.4	1.5	96a6018f81
MAR02310	r	single	-11.6	1.5	c17f95e4fa
MAR02311	c	single+proxy	-57.9	1.4	f83e1bc3ab
MAR02312	c	single	-11.6	1.5	1c89691b54
MAR02314	r	single	-11.6	1.5	fadabfcf6b
MAR02315	c	single	-1.2	3.4	13635054d2
MAR02317	c	single+proxy	-17.4	1.0	b1e90b5439
MAR02319	c	single+proxy	-0.4	1.5	a50b83d0f1
MAR02321	c	single+proxy	-57.9	1.4	b8e5c98a45
MAR02324	c	single+proxy	-1.2	3.4	fad3c5b42c
MAR02326	c	single+proxy	-17.4	1.0	a609b5646f
MAR02328	c	single+proxy	-0.4	1.5	7805e3cb84
MAR02330	c	single+proxy	-57.9	1.4	f00b17f737
MAR02337	r	single	-54.7	4.2	afadc649e0
MAR02339	r	single	-6.8	7.0	0ca0dda9f1
MAR02342	c	single	-1.2	3.4	78431970f8
MAR02343	c	single+proxy	-17.4	1.0	0c3e5cef20
MAR02344	c	single+proxy	-0.4	1.5	208efad806
MAR02345	c	single	-57.9	1.4	5e4229194e
MAR02347	c	single+proxy	-1.2	3.4	294c05b564
MAR02348	c	single+proxy	-17.4	1.0	d0e6f42b41
MAR02349	c	single+proxy	-0.4	1.5	d8b539a5cf
MAR02350	c	single+proxy	-57.9	1.4	2226033e31
MAR02353	c	single+proxy	-1.2	3.4	da2980316a
MAR02354	c	single+proxy	-17.4	1.0	1b3a39fe3e
MAR02355	c	single+proxy	-0.4	1.5	068d09cc19
MAR02356	c	single+proxy	-57.9	1.4	282e432b8c
MAR02359	c	single	-379.1	3.5	921bebff77
MAR02365	c	single	-379.1	3.5	1e27e190f9
MAR02368	c	single	-379.1	3.5	f31edebe99
MAR02371	c	single	-1.2	3.4	59c0d0440d
MAR02374	c	single	-17.4	1.0	13b18e53e2
MAR02375	r	single	-1011.4	13.6	8ffb87fdb5
MAR02376	c	single	-0.4	1.5	30eabc8d56
MAR02378	c	single	-57.9	1.4	236f9c7bcc
MAR02380	c	single	-379.1	3.5	cbcafd8740
MAR02381	m	single	-30.2	1.3	8a2211c604
MAR02383	c	single+proxy	-1.2	3.4	07dc555463
MAR02387	c	single+proxy	-17.4	1.0	fdef68292d
MAR02389	c	single+proxy	-0.4	1.5	bc67f25a2f
MAR02391	c	single	-57.9	1.4	a8551e7bc1
MAR02393	c	single	-379.1	3.5	ccb059e700
MAR02395	c	single+proxy	-1.2	3.4	063348a232
MAR02397	c	single+proxy	-17.4	1.0	64948586ee
MAR02399	c	single+proxy	-0.4	1.5	7b0fce80c5
MAR02401	c	single	-57.9	1.4	a5769fce04
MAR02403	c	single	-379.1	3.5	e7406806ec
MAR02409	x	single	0.4	1.5	52a42a2ef3
MAR02410	x	single	18.7	1.0	27d1abd32f
MAR02411	x	single	-30.2	1.3	1096552e97
MAR02415	c	single+proxy	-1.2	3.4	7fce46c5bc
MAR02421	c	single+proxy	-57.9	1.4	7fffc7379a
MAR02423	c	single+proxy	-1.2	3.4	4b2bc03849
MAR02426	c	single+proxy	-17.4	1.0	713c57e256
MAR02428	c	single+proxy	-0.4	1.5	87c36bcb64
MAR02430	c	single+proxy	-57.9	1.4	dccd338de8
MAR02436	c	single+proxy	-57.9	1.4	bc2a5a0272
MAR02437	c	single	17.1	100000.0	d12254411d
MAR02438	c	single	47.7	100000.0	e3d84e1dd2
MAR02439	c	single	17.1	100000.0	cf1a8972ff
MAR02440	c	single	17.1	100000.0	9243fc8c88
MAR02441	c	single	47.7	100000.0	f3f56c1d20
MAR02442	c	single	-17.1	100000.0	1d6cb816db
MAR02453	c	single	0.0	100000.0	ec47e048d9
MAR02455	c	single	-409.3	4.8	7e05a84d05
MAR02456	r	single	-409.3	4.8	d5c3cb745f
MAR02457	c	single	-409.3	4.8	d95a327426
MAR02458	r	single	-409.3	4.8	5851948bb1
MAR02459	c	single	25.8	3.6	bc26ffd1c1
MAR02460	r	single	25.8	3.6	c49252a692
MAR02465	c	single	25.8	3.6	3787a5cd6b
MAR02466	r	single	25.8	3.6	bc63710047
MAR02472	c	single	-379.1	3.5	fb5b4d463d
MAR02475	c	single+proxy	-1.2	3.4	5f0523fc70
MAR02478	c	single+proxy	-17.4	1.0	35cce48c74
MAR02480	c	single+proxy	-0.4	1.5	7b1d67795a
MAR02482	c	single+proxy	-57.9	1.4	2311f9bca2
MAR02484	c	single	-379.1	3.5	740c17fa1e
MAR02486	c	single+proxy	-1.2	3.4	8f5cc73391
MAR02487	m	single	-49.8	1.4	5a6ef45eda
MAR02488	x	single	-44.1	1.4	10212ef78d
MAR02489	c	single+proxy	-17.4	1.0	29500b7f52
MAR02491	c	single+proxy	-0.4	1.5	f06619ea48
MAR02493	c	single+proxy	-57.9	1.4	6ff928c835
MAR02494	e	single	-0.0	3.4	a347820a8b
MAR02495	c	single	-379.1	3.5	4c93001a05
MAR02496	n	single	-57.9	1.4	0da54c4027
MAR02497	c	single	-1.2	3.4	b9469ba344
MAR02498	n	single	-1.2	3.4	3c7bc36753
MAR02499	c	single	-17.4	1.0	78c64c21f6
MAR02500	m	single	-49.8	1.4	068a5ae107
MAR02501	c	single+proxy	-0.4	1.5	4eced8b0a5
MAR02502	x	single	-44.1	1.4	16b64868cc
MAR02503	c	single+proxy	-57.9	1.4	38ab1791eb
MAR02504	m	single	-49.8	1.4	abdc2d9917
MAR02505	c	single	-379.1	3.5	3aaa44a4bd
MAR02506	x	single	-44.1	1.4	1fdb2adf0a
MAR02507	m	single	-49.8	1.4	f493d471d8
MAR02508	x	single	-44.1	1.4	f83c721bad
MAR02511	x	single	0.4	1.5	046234a14a
MAR02512	x	single	18.7	1.0	cff846fc2d
MAR02513	x	single	-30.2	1.3	26be850900
MAR02515	c	single+proxy	-1.2	3.4	0d2b33ce89
MAR02516	c	single+proxy	-17.4	1.0	68f3f83b1b
MAR02518	c	single+proxy	-0.4	1.5	b012aedb95
MAR02519	r	single	1.6	3.6	e4b27eda7e
MAR02520	c	single+proxy	-57.9	1.4	eadb62b1b2
MAR02521	r	single	-17.4	1.0	704dcbdc3d
MAR02522	c	single+proxy	-1.2	3.4	087a48ac5d
MAR02523	n	single	-0.4	1.5	4baaed8ad0
MAR02524	c	single+proxy	-17.4	1.0	768d544ab5
MAR02525	n	single	-57.9	1.4	b5cce6cfd9
MAR02526	c	single+proxy	-0.4	1.5	c68cdba66a
MAR02527	c	single	-30.4	10.9	6b31e9c6f6
MAR02528	c	single+proxy	-57.9	1.4	c57781743a
MAR02536	g	single	183.8	70714.7	d3a9a498eb
MAR02537	c	single	-57.9	1.4	a7b58804fc
MAR02538	r	single	180.3	70714.7	dcb24738c2
MAR02539	g	single	183.3	70714.7	e6a9f40768
MAR02543	c	single+proxy	-57.9	1.4	de2dc075a1
MAR02544	c	single	17.1	100000.0	e59f4835eb
MAR02557	c	single+proxy	17.1	100000.0	94efb89faf
MAR02558	c	single+proxy	0.0	100000.0	c57eaf4808
MAR02561	c	single	-346.1	4.6	02a0a799a8
MAR02563	c	single+proxy	-123.3	8.0	fdf28ecb2f
MAR02565	n	single	17.1	100000.0	b97f01bad2
MAR02566	n	single+proxy	17.1	100000.0	ce4b905d8e
MAR02568	n	single	-346.1	4.6	15b5f55ae4
MAR02570	r	single+proxy	17.1	100000.0	e7f9f9c198
MAR02572	r	single	-346.1	4.6	9b61a89ad5
MAR02573	r	single+proxy	-123.3	8.0	4b6d402325
MAR02576	x	single+proxy	17.1	100000.0	841895c5a6
MAR02578	x	single	-346.1	4.6	1d6a34b820
MAR02579	x	single+proxy	-123.3	8.0	7d2a41ce71
MAR02581	c	single	-1155.5	118096.1	f1170cb68b
MAR02582	n	single	-1155.5	118096.1	d903cd4995
MAR02583	c	single	307.5	118090.8	7755000242
MAR02584	n	single	307.5	118090.8	a2de9b99a1
MAR02585	c	single	-378.6	3.1	695cf1f657
MAR02586	c	single+proxy	-346.1	4.6	a65259010c
MAR02587	c	single+proxy	-25.8	3.6	600276645a
MAR02589	r	single	178.7	70714.7	9984e89a4f
MAR02591	c	single	0.8	1.5	9621e3583f
MAR02593	m	single	0.8	1.5	70e66a63f3
MAR02594	c	single	0.7	2.9	2d3ac2c5d6
MAR02598	m	single	0.7	2.9	72af7c2591
MAR02599	c	single	-5.6	1.7	2257cab914
MAR02601	m	single	-5.6	1.7	b08e40ab1b
MAR02602	c	single	2.8	1.7	8b4238cf6e
MAR02604	m	single	2.8	1.7	8df3b410f0
MAR02608	c	single	2.8	1.7	a6e07ada89
MAR02610	m	single	2.8	1.7	d3cf15872e
MAR02611	c	single	-2.8	1.7	e1dc508c93
MAR02613	m	single	-2.8	1.7	71bcaa70a1
MAR02614	c	single+proxy	-2.8	1.7	147a06782c
MAR02615	c	single+proxy	-49.2	4.3	aaf019409d
MAR02617	r	single+proxy	-49.2	4.3	864e8fbffb
MAR02618	m	single+proxy	-2.8	1.7	750b2d7f76
MAR02620	c	single+proxy	-2.8	1.7	9a88cccd70
MAR02622	m	single+proxy	-2.8	1.7	41dacbcdcc
MAR02623	c	single	2.8	1.7	24b83dc091
MAR02625	m	single	2.8	1.7	380bc67927
MAR02626	c	single	-2.2	2.9	b571713e27
MAR02628	c	single+proxy	-51.7	4.3	3bee4db8a4
MAR02630	m	single	-2.2	2.9	652b2ac8c5
MAR02631	r	single+proxy	-51.7	4.3	0d0c9854fa
MAR02633	c	single	-2.8	1.7	a8bdbb2421
MAR02635	m	single	-2.8	1.7	13fef38997
MAR02636	c	single	2.8	1.7	ca148fcfd0
MAR02640	m	single	2.8	1.7	8e94116f62
MAR02642	c	single	2.8	1.7	11483734ed
MAR02645	c	single	-75.1	100000.0	addae5db2d
MAR02646	m	single	2.8	1.7	90d73dee1d
MAR02647	e	single	-79.1	100000.0	16989e7848
MAR02654	c	single	2.8	1.7	293e6d835c
MAR02656	m	single	2.8	1.7	6122685a9b
MAR02657	c	single	-2.8	1.7	0cb603299d
MAR02659	m	single	-2.8	1.7	719d8c3af6
MAR02660	c	single	2.8	1.7	03ad0a46e1
MAR02662	m	single	2.8	1.7	7f12374c8f
MAR02663	c	single	2.8	1.7	00f027bae9
MAR02665	m	single	2.8	1.7	890321d777
MAR02666	c	single	-2.8	1.7	31b05ab9e9
MAR02668	m	single	-2.8	1.7	165cf1bc3a
MAR02669	c	single	-2.8	1.7	437478c7fc
MAR02671	m	single	-2.8	1.7	d06b74a519
MAR02672	c	single	-2.8	1.7	3c34be2866
MAR02674	m	single	-2.8	1.7	2d049a4c15
MAR02678	c	single	2.8	1.7	6c432aa01b
MAR02680	m	single	2.8	1.7	fd85ce2db1
MAR02681	c	single+proxy	-2.8	1.7	f45d4501d8
MAR02683	m	single+proxy	-2.8	1.7	dcfcc50e74
MAR02684	c	single+proxy	-2.8	1.7	254cb261ce
MAR02686	m	single+proxy	-2.8	1.7	5fa8a615f6
MAR02687	c	single	-2.8	1.7	96abb6d466
MAR02689	m	single	-2.8	1.7	3888b1af20
MAR02690	c	single	-2.8	1.7	710dc02ae5
MAR02692	m	single	-2.8	1.7	75f7776ddb
MAR02694	l	single	-43.3	100000.0	529958858e
MAR02696	n	single	-75.1	100000.0	568e0c8def
MAR02702	c	single	2.8	1.7	497869fdae
MAR02704	m	single	2.8	1.7	476c302958
MAR02714	c	single	-2.8	1.7	9839a78cdb
MAR02716	m	single	-2.8	1.7	5cdbdf95a0
MAR02723	m	single	-510.6	3.6	0bb9f1c5de
MAR02725	g	single	145.3	70714.9	b41911c332
MAR02726	c	single	-2.8	1.7	50007243a3
MAR02728	l	single	154.4	70714.9	88415cf036
MAR02729	m	single	-2.8	1.7	c5b9051adf
MAR02730	c	single	-2.8	1.7	cd843a210f
MAR02732	m	single	-2.8	1.7	672bf90025
MAR02742	c	single	2.8	1.7	a474f168fd
MAR02743	r	single	141.9	70714.9	a0f7ca5ba1
MAR02745	m	single	2.8	1.7	a50cb4fed3
MAR02746	c	single	2.8	1.7	8850387a9e
MAR02747	g	single	145.3	70714.9	a1bfe6202a
MAR02749	l	single	154.4	70714.9	c3f2020894
MAR02750	m	single	2.8	1.7	885790bd33
MAR02751	m	single	-512.3	3.7	a7b09b31bc
MAR02755	c	single	2.8	1.7	83608a64db
MAR02756	g	single	145.3	70714.9	7c9b823321
MAR02758	m	single	2.8	1.7	a6e37e6a7c
MAR02759	c	single+proxy	-2.8	1.7	8a8c879959
MAR02761	m	single+proxy	-2.8	1.7	24fa4c1e20
MAR02762	c	single	-2.8	1.7	0996049e0a
MAR02763	l	single	154.4	70714.9	19958eab0b
MAR02765	m	single	-120.7	5.6	5308746e8c
MAR02766	m	single	-2.8	1.7	eb82392246
MAR02767	m	single	-369.6	3.1	577fb08d91
MAR02768	c	single	-2.8	1.7	c56ed46947
MAR02770	m	single	-2.8	1.7	bf02ba6d43
MAR02771	c	single	-2.8	1.7	eb5b0bf7fc
MAR02773	m	single	-2.8	1.7	063dcf6196
MAR02779	c	single	10.5	1.0	c7e35d1d6b
MAR02780	r	single	0.8	1.5	e93f222a95
MAR02785	r	single	-5.6	1.7	a2a5b37f1a
MAR02786	m	single	-21.4	2.1	a777fceb55
MAR02788	r	single	2.8	1.7	abda20ce98
MAR02792	r	single	2.8	1.7	a8a43239e9
MAR02794	r	single	-2.8	1.7	36d8ea4f27
MAR02796	r	single+proxy	-2.8	1.7	37d9da1422
MAR02798	r	single+proxy	-2.8	1.7	348b266e5a
MAR02800	r	single	2.8	1.7	04a2c5d780
MAR02802	x	single	-15.8	2.1	ea12f762ba
MAR02803	r	single	-2.2	2.9	0515bf7ab6
MAR02806	r	single	-2.8	1.7	6b6b5ffc4d
MAR02809	r	single	2.8	1.7	239fc35aa3
MAR02812	r	single	2.8	1.7	1bba7a6d26
MAR02819	r	single	2.8	1.7	68b1bee427
MAR02822	r	single	-2.8	1.7	fc7eaad59b
MAR02824	r	single	2.8	1.7	68ef17d28c
MAR02827	r	single	2.8	1.7	beafd9573d
MAR02828	c	single+proxy	17.4	1.0	665c77c608
MAR02830	r	single	2.8	1.7	30158e1f30
MAR02832	r	single	-2.8	1.7	30f34ad179
MAR02834	r	single	2.8	1.7	02ce62151e
MAR02838	r	single	2.8	1.7	5eb54af6bc
MAR02840	r	single+proxy	-2.8	1.7	c8714e1eea
MAR02842	r	single	-2.8	1.7	724221cd3b
MAR02844	r	single+proxy	-2.8	1.7	96295849f1
MAR02846	r	single	-2.8	1.7	69278f77db
MAR02852	r	single	2.8	1.7	01b07b679a
MAR02858	m	single	14.7	1.0	55bf6e93f3
MAR02860	c	single	-2.3	1.6	8adaa4c953
MAR02862	r	single	-2.8	1.7	9d2f320297
MAR02868	r	single	-2.8	1.7	93c4574cf4
MAR02870	r	single	-2.8	1.7	c4e0b50b17
MAR02882	r	single	2.8	1.7	12ffff9b2b
MAR02883	c	single	19.4	1.0	0aadeb3fdb
MAR02885	m	single	14.7	1.0	36123c8924
MAR02886	r	single	2.8	1.7	0d41a7986d
MAR02887	c	single	-382.7	3.1	efe8bcf0ce
MAR02889	c	single	-40.6	1.1	29c3d750a4
MAR02891	m	single	-49.8	1.1	470a18a6df
MAR02893	c	single	-378.6	3.1	fded717645
MAR02894	r	single	2.8	1.7	0adb7773ab
MAR02897	r	single+proxy	-2.8	1.7	e9e0625c0b
MAR02899	r	single	-2.8	1.7	c042db955f
MAR02901	r	single	-2.8	1.7	1c88664129
MAR02903	r	single	-2.8	1.7	26170be28c
MAR02915	c	single	2.8	1.7	8d2b55f266
MAR02917	r	single	2.8	1.7	a0718760b7
MAR02924	c	single+proxy	-2.8	1.7	510e235526
MAR02926	r	single+proxy	-2.8	1.7	f33553e09a
MAR02933	c	single	-378.6	3.1	aac7b19dfc
MAR02934	c	single	-374.2	3.1	f2b392d57d
MAR02935	c	single	-374.2	3.1	c8b36796ab
MAR02936	c	single+proxy	19.4	1.0	b6772e3f67
MAR02937	c	single	-387.7	3.3	b7b101bf27
MAR02938	c	single	-2.4	1.6	50e9a3dd94
MAR02939	c	single+proxy	-40.6	1.1	3dceb11bfa
MAR02940	m	single	-49.8	1.4	c1964e7366
MAR02941	c	single	-386.2	4.3	646578c733
MAR02942	r	single	-11.6	1.5	62a310c3d3
MAR02943	r	single	-11.6	1.5	8146452192
MAR02944	r	single	-11.6	1.5	3b5a180226
MAR02945	r	single	-11.6	1.5	b2a8f58dc1
MAR02946	r	single	-11.6	1.5	014c9552e9
MAR02947	r	single	-11.6	1.5	bb584480fc
MAR02948	r	single	-11.6	1.5	e737a8370d
MAR02949	r	single	-11.8	6.4	f2883629db
MAR02950	m	single	-386.3	4.3	0e78e4c804
MAR02951	r	single	-11.6	1.5	834ace682c
MAR02952	r	single	-11.6	1.5	5c2574cd12
MAR02953	x	single	-386.2	4.3	d27902fe76
MAR02954	r	single	-11.6	1.5	6f55c13021
MAR02955	r	single	-11.6	1.5	f1210a770b
MAR02956	r	single	-11.6	1.5	3c2906257d
MAR02957	r	single	-11.6	1.5	0ce5ff2c80
MAR02958	e	single	-33.5	3.0	bf66aa71b9
MAR02959	r	single	-11.6	1.5	5004bcd06a
MAR02960	c	single+proxy	-398.4	4.5	a736da0c24
MAR02961	r	single	-11.6	1.5	eb60204f2b
MAR02962	r	single	-11.6	1.5	685690de79
MAR02963	r	single	-11.6	1.5	e66636cf5e
MAR02964	r	single	-11.6	1.5	fc0d0a33c7
MAR02965	r	single	-11.6	1.5	e38a455c7a
MAR02966	r	single	-11.6	1.5	bd2a815861
MAR02967	r	single	-11.6	1.5	091488e0ff
MAR02968	r	single	-11.6	1.5	3617eba1c6
MAR02969	r	single	-11.6	1.5	00bdc82e75
MAR02970	r	single	-11.6	1.5	e70e09901c
MAR02971	r	single	-11.6	1.5	c2518ee35f
MAR02973	r	single	-11.6	1.5	09109d0b69
MAR02974	r	single	-11.6	1.5	38db2e28d8
MAR02975	r	single	-11.6	1.5	c4273be463
MAR02976	r	single	-11.6	1.5	4b22db9334
MAR02977	r	single	-11.6	1.5	4e86cda262
MAR02978	r	single	-11.6	1.5	6b7b474dd7
MAR02979	r	single	-11.6	1.5	0d79fc3ed6
MAR02980	r	single	-11.6	1.5	250e5a885f
MAR02981	r	single	-11.6	1.5	302db71973
MAR02982	r	single	-11.6	1.5	ce648b785c
MAR02983	r	single	-11.6	1.5	825a971b7a
MAR02984	r	single	-11.6	1.5	e5b699ce3e
MAR02985	r	single	-11.6	1.5	f54ffcb8b7
MAR02986	r	single	-11.6	1.5	dc9e967b0b
MAR02987	r	single	-11.6	1.5	f4606fd576
MAR02988	r	single	-11.6	1.5	39f67b6bd9
MAR02989	r	single	-11.6	1.5	8dcc140320
MAR02990	r	single+proxy	-11.6	1.5	9b99d333ca
MAR02991	r	single	-16.9	2.1	38b427a512
MAR02992	r	single	-11.6	1.5	b27c26d6d3
MAR02994	r	single	-11.6	1.5	56ba431849
MAR02996	r	single	-11.1	2.0	605ca238f3
MAR02998	r	single	-11.6	1.5	265f8699b3
MAR02999	r	single	-11.6	1.5	e6859dba5a
MAR03000	r	single	-11.6	1.5	9d8b94ccfd
MAR03001	r	single	-11.6	1.5	3fa137a67d
MAR03002	r	single	-11.6	1.5	d2142fb985
MAR03003	r	single	-11.6	1.5	23515a3d82
MAR03005	n	single+proxy	-346.1	4.6	06044da2fe
MAR03009	x	single	-56.3	3.0	b9633a443b
MAR03010	g	single	-32.7	1.2	5ed9d4f4cd
MAR03012	r	single	-32.3	1.2	762d1ee4bf
MAR03015	x	single	-44.6	2.0	e87fe92e6e
MAR03016	m	single	-26.5	3.4	857ecdcd5f
MAR03028	x	single	-5.6	1.7	23a09f5638
MAR03030	x	single	0.8	1.5	1424bb045b
MAR03032	c	single	2.8	1.7	81f86b10e3
MAR03034	x	single	2.8	1.7	3ed15b002e
MAR03036	c	single	-21.1	1.3	b47911ed1e
MAR03037	x	single	0.7	2.9	ecce0f5c40
MAR03038	r	single	-374.3	3.1	c4d2dca67a
MAR03048	m	single	-121.3	5.6	914e5fcbdd
MAR03052	r	single	-52.1	4.3	5b777b472e
MAR03058	x	single	0.4	1.5	055e270f0e
MAR03059	x	single	18.7	1.0	6baf76c450
MAR03060	x	single	-30.2	1.3	2f721aa404
MAR03061	n	single	-16.0	8.0	a921ed0081
MAR03063	x	single	0.4	1.5	d0f9b4be50
MAR03064	x	single	18.7	1.0	49c8702e66
MAR03065	x	single	-30.2	1.3	7ac27aa697
MAR03067	x	single	0.4	1.5	2dcb714346
MAR03068	x	single	18.7	1.0	ffa95e9e82
MAR03069	x	single	-30.2	1.3	bd0a93c726
MAR03071	x	single	0.4	1.5	5c0c18be21
MAR03072	x	single	18.7	1.0	daa235c3ed
MAR03073	x	single	-30.2	1.3	ac08cb5459
MAR03075	x	single	0.4	1.5	987310ae5e
MAR03076	x	single	18.7	1.0	81656daa3e
MAR03077	x	single	-32.9	1.9	eaef2a27e9
MAR03079	x	single	0.4	1.5	ed9235cd43
MAR03080	x	single	18.7	1.0	a274132fc1
MAR03081	x	single	-30.2	1.3	41c9944f51
MAR03083	x	single	0.4	1.5	c8fd54b119
MAR03084	x	single	18.7	1.0	ee97c689eb
MAR03085	x	single	-30.2	1.3	2acb309861
MAR03087	x	single	0.4	1.5	98acec972f
MAR03088	x	single	18.7	1.0	1707d658e2
MAR03089	x	single	-30.2	1.3	3a6306f9a8
MAR03091	x	single	0.4	1.5	f6f1f318e5
MAR03092	x	single	18.7	1.0	e5e72932bd
MAR03093	x	single	-30.2	1.3	7dc3013422
MAR03095	x	single	0.4	1.5	9cc27b3471
MAR03096	x	single	18.7	1.0	d3543e2ec4
MAR03097	x	single	-30.2	1.3	5173913098
MAR03099	x	single	-0.7	2.9	d364c010b4
MAR03100	x	single	19.8	1.5	b98f85179b
MAR03101	x	single	-30.4	1.9	c8eaad85a2
MAR03104	x	single	16.9	1.2	6504c446f0
MAR03105	x	single	-25.0	0.9	682105ffaa
MAR03108	m	single	0.4	1.5	2edcbfcc38
MAR03109	m	single	12.7	1.0	3476e6677f
MAR03110	m	single	-30.2	1.3	29e9a89004
MAR03112	m	single	0.4	1.5	68f8cac792
MAR03113	m	single	12.7	1.0	f087a4d48a
MAR03114	m	single	-30.2	1.3	85fd01fe0c
MAR03116	m	single	0.4	1.5	4bb2ca3a36
MAR03117	m	single	12.7	1.0	629d9246d4
MAR03118	m	single	-32.9	1.9	a0094ebbd0
MAR03120	c	single	240.7	100000.0	94cc98c250
MAR03122	m	single	0.4	1.5	48cf2e008f
MAR03123	m	single	12.7	1.0	01c1cb0f59
MAR03125	m	single	-30.2	1.3	f8bcc181b2
MAR03129	m	single	0.4	1.5	b6f6ab9e96
MAR03130	m	single	12.7	1.0	ad69ac2158
MAR03132	m	single	-30.2	1.3	102bf872a1
MAR03133	c	single	-422.2	6.4	65554b1ca8
MAR03134	r	single	-422.2	6.4	f25b828646
MAR03136	m	single	0.4	1.5	49631c018b
MAR03137	m	single	12.7	1.0	a2c93ed4d8
MAR03139	m	single	-30.2	1.3	ee665c7f9e
MAR03140	e	single	59.8	100000.0	1554636f94
MAR03141	l	single	47.3	100000.0	436622aac8
MAR03143	m	single	0.4	1.5	2661ad7c38
MAR03144	m	single	12.7	1.0	455b6a2345
MAR03145	n	single	59.1	100000.0	19681ef549
MAR03146	m	single	-30.2	1.3	73997a5a30
MAR03150	m	single	0.4	1.5	ae42e25c0c
MAR03151	m	single	12.7	1.0	defa43be7e
MAR03153	m	single	-30.2	1.3	5b73bc2cd6
MAR03157	m	single	-0.7	2.9	c199424af0
MAR03158	m	single	13.8	1.5	84990ba31c
MAR03160	m	single	-30.4	1.9	aa318fcbe2
MAR03162	e	single	11.8	4.1	f055799a54
MAR03164	m	single	-3.3	1.7	91782a1509
MAR03165	l	single	11.7	4.1	2dfebef93d
MAR03166	m	single	10.9	1.2	b0b1df897f
MAR03179	m	single	2.8	1.7	da6a01b13f
MAR03180	m	single	12.7	1.0	20fe810533
MAR03181	m	single	-32.5	1.7	5f82729cfe
MAR03183	m	single	2.8	1.7	0914b43e9f
MAR03184	m	single	12.7	1.0	735ad9ab86
MAR03185	m	single	-32.5	1.7	119881a3d1
MAR03191	m	single	0.4	1.5	0182b474ee
MAR03195	m	single	0.4	1.5	e0e14fb5a9
MAR03203	m	single	0.4	1.5	9620c91fa3
MAR03204	m	single+proxy	12.7	1.0	6ddf136784
MAR03205	m	single+proxy	-29.0	2.8	2b541a4cba
MAR03206	m	single	-31.3	2.8	dd5229954a
MAR03208	m	single	-7.7	5.3	8cc38bfd29
MAR03213	m	single	0.2	2.9	5b3b78b2cd
MAR03215	m	single	-8.4	2.1	85c9f88983
MAR03216	c	single	-895.3	6.3	8a1852e615
MAR03217	c	single	27.8	1.4	2c1795921c
MAR03219	m	single+proxy	0.4	1.5	50c0e9e218
MAR03220	m	single+proxy	12.7	1.0	7d6a793302
MAR03221	m	single	-30.2	1.3	92bd63ea3c
MAR03223	m	single+proxy	0.4	1.5	a39b61dd2c
MAR03224	m	single+proxy	12.7	1.0	bc5c54e13d
MAR03225	m	single+proxy	-30.2	1.3	0c4f648f9a
MAR03227	m	single	0.4	1.5	a4aedf3d2c
MAR03228	m	single	12.7	1.0	f100f9c13b
MAR03229	m	single	-30.2	1.3	658fc9b28a
MAR03231	m	single	0.4	1.5	9c7719d1c5
MAR03232	m	single	12.7	1.0	1d4a2e7fec
MAR03233	m	single	-30.2	1.3	b55284403f
MAR03235	m	single	0.4	1.5	3a293e0d3e
MAR03236	m	single+proxy	12.7	1.0	886652b016
MAR03237	m	single+proxy	-30.2	1.3	d6a82f1d6c
MAR03239	m	single	0.0	0.0	9c8c7e3649
MAR03241	m	single+proxy	0.4	1.5	39830528c6
MAR03242	m	single+proxy	12.7	1.0	db21bbfe23
MAR03243	m	single	-30.2	1.3	a3dd48738c
MAR03245	m	single	0.4	1.5	1bd0df7d27
MAR03246	m	single	12.7	1.0	025c5992e0
MAR03247	m	single	-30.2	1.3	9027ae7452
MAR03251	g	single	-254.0	70714.4	72e9bb09f6
MAR03252	m	single+proxy	0.4	1.5	52448136d9
MAR03254	m	single+proxy	12.7	1.0	b98a641294
MAR03256	m	single	-30.2	1.3	4d0988acb8
MAR03257	r	single	-85.9	2.3	bcbe222f54
MAR03263	n	single	-411.4	100009.0	46a605147c
MAR03266	c	single+proxy	17.4	1.0	66e7dc78a6
MAR03268	c	single+proxy	17.4	1.0	55a1cb8445
MAR03269	m	single+proxy	12.7	1.0	05f34d2562
MAR03270	x	single+proxy	18.7	1.0	a4d0240730
MAR03272	m	single	-0.0	0.0	c91b409d72
MAR03273	m	single	-16.1	1.5	9316586397
MAR03274	x	single	-10.5	1.5	923eb29f5d
MAR03279	m	single+proxy	-30.2	1.3	95dc5a8f9d
MAR03287	m	single+proxy	-30.2	1.3	deb5d13421
MAR03288	m	single	0.0	0.0	3dd663a4dc
MAR03290	m	single+proxy	0.4	1.5	324f3ce93f
MAR03292	m	single+proxy	12.7	1.0	72310e6e91
MAR03293	m	single+proxy	-30.2	1.3	6d55869278
MAR03297	m	single+proxy	0.4	1.5	bf6789537c
MAR03298	m	single	0.0	0.0	7c013ae8a7
MAR03299	x	single+proxy	0.4	1.5	0986e71a3c
MAR03305	x	single+proxy	-30.2	1.3	350ab8962b
MAR03315	x	single+proxy	-30.2	1.3	2be57b5b48
MAR03316	x	single	0.0	0.0	b33d330aad
MAR03317	x	single+proxy	0.4	1.5	7f4bfdb7ef
MAR03319	x	single+proxy	18.7	1.0	0218d66b1c
MAR03320	x	single+proxy	-30.2	1.3	d61ed7dee0
MAR03323	x	single	0.0	0.0	035db63240
MAR03331	x	single+proxy	0.4	1.5	e7e244413c
MAR03332	x	single+proxy	18.7	1.0	f05eba2022
MAR03333	x	single+proxy	-30.2	1.3	2faa8df280
MAR03335	x	single+proxy	0.4	1.5	a748885d6b
MAR03336	x	single+proxy	18.7	1.0	21f861a5f3
MAR03337	x	single	-30.2	1.3	587b474fe7
MAR03339	x	single+proxy	0.4	1.5	b2d2324b56
MAR03340	x	single+proxy	18.7	1.0	eb9f04c087
MAR03341	x	single+proxy	-30.2	1.3	ade2b8fbb1
MAR03343	x	single	0.4	1.5	3c23596542
MAR03344	x	single	18.7	1.0	4d09bbcad7
MAR03345	x	single	-30.2	1.3	e553b45e61
MAR03347	x	single	0.4	1.5	de1903d37a
MAR03348	x	single	18.7	1.0	939981f507
MAR03349	x	single	-30.2	1.3	c301c63b58
MAR03351	x	single	0.4	1.5	c3c28f5490
MAR03352	x	single+proxy	18.7	1.0	95efd5edd5
MAR03353	x	single+proxy	-30.2	1.3	6e7fe3bcce
MAR03355	x	single	0.0	0.0	c2dae48534
MAR03357	x	single+proxy	0.4	1.5	a8edcac392
MAR03358	x	single+proxy	18.7	1.0	2b8d076644
MAR03359	x	single	-30.2	1.3	bb74e69568
MAR03361	x	single	0.4	1.5	603f048bb6
MAR03362	x	single	18.7	1.0	0c97179123
MAR03363	x	single	-30.2	1.3	bb3fc00347
MAR03365	x	single+proxy	0.4	1.5	398c69c76c
MAR03366	m	single+proxy	-73.2	4.3	124976b127
MAR03367	x	single+proxy	18.7	1.0	b3608faa4d
MAR03368	x	single	-30.2	1.3	a66a5b07f1
MAR03371	m	single+proxy	-73.2	4.3	ea494b6e0c
MAR03374	m	single+proxy	0.0	0.0	ba261aef61
MAR03375	x	single	-0.0	0.0	50913985d3
MAR03376	m	single+proxy	0.0	0.0	0bd1643c0b
MAR03377	m	single+proxy	-53.3	1.4	e936d7fe6f
MAR03378	m	single+proxy	-0.0	0.0	3e80fb94ea
MAR03379	m	single+proxy	0.4	1.5	1254441097
MAR03380	m	single	12.7	1.0	d953bd9e16
MAR03381	m	single	-30.2	1.3	95e268fa96
MAR03384	x	single+proxy	-450.7	4.6	466f70c82a
MAR03385	x	single+proxy	-15.7	5.4	c66ed27664
MAR03386	x	single	-38.2	1.1	37bd4a5812
MAR03387	x	single	-10.5	1.5	ae29563181
MAR03388	c	single	-11.6	1.5	0fbe68439d
MAR03389	x	single	-10.5	1.5	9aa6e5f6dd
MAR03390	c	single	-11.6	1.5	447c2ed154
MAR03391	l	single	-250.7	7.7	6be19139a4
MAR03392	x	single	-250.7	7.7	3888bdef28
MAR03393	r	single	-1.2	3.4	cfbde7033c
MAR03394	r	single	-57.9	1.4	018152d7ae
MAR03395	r	single+proxy	-57.9	1.4	5820d76bed
MAR03399	r	single+proxy	-1.2	3.4	f4c1064632
MAR03401	r	single+proxy	-17.4	1.0	22cfc878af
MAR03402	r	single+proxy	-0.4	1.5	355f0e4747
MAR03403	r	single+proxy	-57.9	1.4	286158d1fb
MAR03404	r	single+proxy	-1.2	3.4	50bb1c6de7
MAR03405	r	single+proxy	-17.4	1.0	19931deaa8
MAR03410	r	single+proxy	-0.4	1.5	18352ed6db
MAR03412	r	single+proxy	-57.9	1.4	02dac7621f
MAR03415	r	single	-1.2	3.4	173f7ec96c
MAR03417	r	single	-17.4	1.0	fc6081f8a2
MAR03418	r	single+proxy	-0.4	1.5	4293b973a4
MAR03419	n	single	-54.7	1.8	548ea7a891
MAR03434	r	single	-16.0	8.0	bf73a78daf
MAR03435	c	single	-477.6	3.1	3a79167cb3
MAR03436	m	single	-477.6	3.1	a615e4b339
MAR03442	r	single	-57.9	1.4	79363dc724
MAR03443	r	single+proxy	-1.2	3.4	ad967ef69d
MAR03445	m	single+proxy	-0.0	0.0	8dcfda3ab8
MAR03446	m	single+proxy	-53.3	1.4	bf9db9a7ba
MAR03447	m	single+proxy	0.0	0.0	c5a90048bd
MAR03449	m	single	0.4	1.5	de227c2500
MAR03450	m	single	12.7	1.0	19bb20ae47
MAR03451	r	single+proxy	-17.4	1.0	4bed0d82b2
MAR03460	x	single+proxy	-0.0	0.0	a63cc77c52
MAR03461	x	single+proxy	-59.1	1.4	eae1c6c84d
MAR03462	x	single+proxy	0.0	0.0	c80d7b7cac
MAR03463	x	single	0.4	1.5	dd9bb6dc94
MAR03464	x	single	18.7	1.0	ba575a646e
MAR03465	r	single+proxy	-0.4	1.5	c8f0c40830
MAR03474	r	single+proxy	-17.4	1.0	b3efd225db
MAR03475	x	single	-49.2	0.5	b232ecbd56
MAR03476	x	single	-23.7	5.8	10ffbf90d5
MAR03477	c	single	-24.8	5.8	2c09f143c8
MAR03479	r	single+proxy	-0.4	1.5	74d4b1386f
MAR03480	c	single	-11.6	1.5	3da688d447
MAR03481	cx	multi	-90.6	1.5	4fc170cf8b
MAR03482	x	single	-10.5	1.5	e357019b07
MAR03484	x	single	-450.7	4.6	bcb4221124
MAR03485	r	single+proxy	-1.2	3.4	2179214d63
MAR03486	x	single	-15.7	5.4	f35cc75852
MAR03487	r	single+proxy	-17.4	1.0	ee1af18588
MAR03488	x	single	-38.2	1.1	d81bd46892
MAR03490	r	single+proxy	-0.4	1.5	80a82f6db7
MAR03491	x	single	0.0	0.0	3b2a49dc31
MAR03492	r	single+proxy	-57.9	1.4	a76929904f
MAR03493	x	single	-10.5	1.5	02edd163b4
MAR03494	r	single+proxy	-1.2	3.4	f3a3e19b36
MAR03497	r	single+proxy	-57.9	1.4	6670d33541
MAR03499	r	single+proxy	-57.9	1.4	691db73831
MAR03500	r	single+proxy	-1.2	3.4	936ed6506d
MAR03501	x	single	3.7	1.9	124abf2476
MAR03502	r	single+proxy	-17.4	1.0	9354f04d42
MAR03503	x	single	18.7	1.0	2cea481cb0
MAR03504	r	single+proxy	-0.4	1.5	298f5a7027
MAR03505	x	single	-25.0	3.1	1acb72c35d
MAR03507	r	single+proxy	-57.9	1.4	b8e7864bb1
MAR03511	x	single	0.0	0.0	6ad4b60537
MAR03516	r	single+proxy	-1.2	3.4	b96e85108c
MAR03518	r	single+proxy	-17.4	1.0	2bbf14df68
MAR03519	m	single	-2.8	1.7	b2f34e12eb
MAR03521	c	single	-2.8	1.7	3b4bbe6eeb
MAR03524	m	single	12.7	1.0	65e98d10bb
MAR03525	m	single	-30.2	1.3	c2f9831862
MAR03526	m	single	0.0	0.0	36dd1a4dfd
MAR03529	m	single	12.7	1.0	450ede5347
MAR03530	m	single	-25.0	3.1	bc46de0605
MAR03532	m	single+proxy	0.4	1.5	951d3410f5
MAR03533	m	single	12.7	1.0	02e04d34cc
MAR03534	m	single	-30.2	1.3	3eaf75e752
MAR03535	r	single+proxy	-0.4	1.5	7a0fda0610
MAR03538	l	single	-32.7	2.3	d3cbcd36c1
MAR03540	l	single	-32.7	2.3	280f2440cf
MAR03541	l	single	-32.8	2.3	a3453789d3
MAR03544	l	single	-32.7	2.3	34e15dae92
MAR03545	l	single	-35.2	6.6	3dc8edb6db
MAR03547	l	single	-32.8	2.3	f299171876
MAR03548	l	single	-32.7	2.3	b6150b499f
MAR03549	l	single	-32.8	2.3	66d17ba5e8
MAR03551	l	single	-32.7	2.3	1dba45af05
MAR03552	l	single	-32.8	2.3	335a63ce25
MAR03558	l	single	-32.7	2.3	dc1216315c
MAR03559	l	single	-32.7	2.3	2dd75155e4
MAR03561	l	single	-32.7	2.3	89fdfe886b
MAR03566	l	single	-32.7	2.3	3a92fead0c
MAR03567	l	single	-32.7	2.3	71cc3ee105
MAR03571	l	single	-32.7	2.3	dbeaf19791
MAR03574	l	single	-32.8	2.3	f1c1771177
MAR03577	l	single	-32.5	2.3	3760922fec
MAR03578	l	single	-32.7	2.3	b0effc4671
MAR03581	l	single	-32.6	2.3	15f63b3613
MAR03586	l	single	-27.5	2.7	bef2ba9732
MAR03588	l	single	-32.6	2.3	ef3a844dfc
MAR03589	l	single	-33.0	2.7	93f547c533
MAR03590	l	single	-32.7	2.3	e0e2c44d6b
MAR03594	l	single	-32.7	2.3	2f73ee75a8
MAR03595	l	single	-32.7	2.3	244d054061
MAR03599	c	single	283.5	62815.2	545fa3b2fa
MAR03600	l	single	-154.4	70714.9	dbe50d3d2b
MAR03601	r	single	-141.9	70714.9	ec4550f8d1
MAR03602	l	single	-154.4	70714.9	6698567119
MAR03603	r	single	-141.9	70714.9	76cf84046a
MAR03604	r	single+proxy	-1.2	3.4	b7e9fa6023
MAR03605	r	single	-1.2	3.4	9ed6f880d9
MAR03606	r	single+proxy	-1.2	3.4	109636bd4a
MAR03607	r	single+proxy	-17.4	1.0	6061ca0bac
MAR03608	r	single+proxy	-0.4	1.5	4f3778e413
MAR03609	r	single+proxy	-57.9	1.4	2d14e3f20f
MAR03610	r	single+proxy	-17.4	1.0	1627db0737
MAR03611	r	single+proxy	-0.4	1.5	23891445cf
MAR03612	r	single+proxy	-57.9	1.4	7c5e199670
MAR03615	r	single+proxy	-17.4	1.0	c6409abfdd
MAR03616	r	single+proxy	-0.4	1.5	476af0f96e
MAR03617	r	single+proxy	-57.9	1.4	f70ea05593
MAR03618	c	single	-1.2	3.4	db8c909135
MAR03619	r	single	-1.2	3.4	077c2061d3
MAR03620	c	single	-17.4	1.0	e6a2c4d466
MAR03621	r	single	-17.4	1.0	ca047f177b
MAR03623	c	single+proxy	-0.4	1.5	4a90079e06
MAR03624	r	single+proxy	-0.4	1.5	c33834cae6
MAR03625	r	single	-1.0	2.3	2784b83b3c
MAR03627	r	single	-1.0	2.3	632bf7cfc9
MAR03628	r	single	-1.0	2.3	2194b0f2fb
MAR03631	r	single	-1.0	2.3	5ad14998f5
MAR03632	r	single	1.8	2.3	9511ff153a
MAR03634	r	single	-1.0	2.3	723b2fec71
MAR03635	r	single	-1.0	2.3	735f07f03f
MAR03636	r	single	-1.0	2.3	51feca2bdf
MAR03638	r	single	-1.0	2.3	37653da300
MAR03641	r	single	-1.0	2.3	30a767f4a5
MAR03645	r	single	-1.0	2.3	b35320b629
MAR03646	r	single	-1.0	2.3	bbd8d81857
MAR03648	r	single	-1.0	2.3	78a7fd246b
MAR03653	r	single	-1.0	2.3	020191f61a
MAR03654	r	single	-1.0	2.3	29ffa3685a
MAR03658	r	single	-1.0	2.3	a94a5cd93b
MAR03661	r	single	-1.0	2.3	18d41241f8
MAR03664	r	single	-1.0	2.3	9fcb365374
MAR03665	r	single	-1.0	2.3	f3ac8178d2
MAR03668	r	single	-1.0	2.3	827615ff2c
MAR03673	r	single	-1.0	2.3	07dbd87129
MAR03675	r	single	-1.0	2.3	f3e7331664
MAR03676	r	single	-1.0	2.3	7e4cd8f108
MAR03677	r	single	-1.0	2.3	c2dd0b21e0
MAR03681	r	single	-1.0	2.3	7dc45a1b67
MAR03682	r	single	-1.0	2.3	29a458851d
MAR03684	r	single	-44.3	2.3	0551b2c599
MAR03686	r	single	-44.3	2.3	82b719c81d
MAR03687	r	single	-44.3	2.3	76a47c8023
MAR03690	r	single	-44.3	2.3	6b63d35eae
MAR03691	r	single	-46.8	6.6	be412d7127
MAR03693	r	single	-44.3	2.3	7a52799f77
MAR03694	r	single	-44.3	2.3	d5021b5285
MAR03695	r	single	-44.3	2.3	bac15daf68
MAR03697	r	single	-44.3	2.3	d4d4a3cd4b
MAR03700	r	single	-44.3	2.3	2f52d4bbde
MAR03704	r	single	-44.3	2.3	7843bf0f62
MAR03705	r	single	-44.3	2.3	6b63b29957
MAR03707	r	single	-44.3	2.3	8d4195a782
MAR03712	r	single	-44.3	2.3	6100ae7c53
MAR03713	r	single	-44.3	2.3	db257441c3
MAR03717	r	single	-44.3	2.3	366c9e7972
MAR03720	r	single	-44.3	2.3	aae5ceda9c
MAR03723	r	single	-44.3	2.3	fc5eeeb2e8
MAR03724	r	single	-44.3	2.3	7438b8a8d2
MAR03727	r	single	-44.3	2.3	c7a6d00bd4
MAR03732	r	single	-39.0	2.7	0430845054
MAR03734	r	single	-44.3	2.3	07769a3abd
MAR03735	r	single	-44.8	2.7	2a947ad9a1
MAR03736	r	single	-44.3	2.3	f021bc51b9
MAR03740	r	single	-44.3	2.3	7e0875983d
MAR03741	r	single	-44.3	2.3	2ee01c548c
MAR03743	m	single	31.9	2.6	cbeae5996c
MAR03744	m	single	1.6	3.5	21aefcbf0f
MAR03745	c	single+proxy	-57.9	1.4	7a37100d92
MAR03747	c	single	1.7	3.5	030398608e
MAR03749	r	single+proxy	-57.9	1.4	aadafa7b32
MAR03750	m	single	31.8	2.6	a04defe9b1
MAR03753	m	single	5.6	1.5	f1a3faaaaa
MAR03755	m	single	-49.8	1.4	a15a7cb73c
MAR03756	x	single+proxy	3.7	1.9	8279f7e459
MAR03757	m	single	14.9	1.0	17678399ee
MAR03758	c	single+proxy	17.4	1.0	e8cf0e5f4b
MAR03759	m	single	-51.6	1.4	23fcf95906
MAR03761	m	single	0.9	3.4	5136a4fe4c
MAR03763	m	single	-52.5	3.4	2e21e00eee
MAR03764	x	single+proxy	18.7	1.0	6ae5f9a9bc
MAR03765	m	single	0.2	1.6	0c2e4f9317
MAR03771	m	single	31.9	2.6	d449bb960a
MAR03772	m	single	31.9	2.6	e20eea1312
MAR03773	m	single	-16.2	1.5	eca83ce3f9
MAR03774	c	single	-43.4	1.4	e469537418
MAR03775	m	single	-0.4	1.9	0c40f66068
MAR03777	c	single	-5.9	3.5	3ad64b30b7
MAR03778	m	single	-6.0	3.5	70ee9e24ed
MAR03782	m	single	-31.8	2.6	6227d202aa
MAR03785	m	single	3.7	1.9	9d3fc02ea9
MAR03787	m	single	12.6	0.7	57ce680eb7
MAR03790	c	single	-173.6	4.3	8dca76335a
MAR03792	m	single	-0.9	2.0	2111c708b0
MAR03793	m	single	-0.8	2.0	e22a4e7dae
MAR03794	m	single	27.1	2.5	53d743a363
MAR03795	m	single	-30.1	4.3	7e301ac8d6
MAR03797	m	single	-4.0	2.9	3cd1217e36
MAR03799	m	single	-62.0	3.0	a01ee43894
MAR03800	m	single	-14.8	4.8	7473479945
MAR03802	m	single	-13.3	0.3	0cd4c6737a
MAR03804	m	single	-13.4	0.4	2fa8ba1dc6
MAR03806	m	single	-56.6	2.0	fed1fb2fc7
MAR03807	m	single	-4.6	4.5	19d6719006
MAR03809	m	single	30.6	2.9	4408528eab
MAR03811	c	single	-0.9	1.5	a24b374f8b
MAR03813	c	single	5.6	2.9	32811f87fe
MAR03816	c	single	-51.0	6.3	96aa2d6a48
MAR03817	m	single	-49.8	1.1	97469bd306
MAR03819	c	single	5.8	4.9	367639ef11
MAR03820	m	single	10.0	4.9	1f605ebc99
MAR03821	r	single	40.5	1.1	54da4a5def
MAR03822	m	single	-46.6	5.4	228c16f73d
MAR03823	m	single	12.7	1.0	b048c7cd2b
MAR03827	m	single	2.8	0.5	b92b414853
MAR03829	c	single	2.8	0.5	b4e17e8a08
MAR03832	c	single	-54.3	3.4	745972a79d
MAR03833	c	single	-47.9	2.9	5968ce92cb
MAR03834	m	single	0.0	0.0	3cb279f9e4
MAR03835	c	single	-48.0	3.0	c6a6cc70e3
MAR03836	r	single	0.0	0.0	2c7c8b745b
MAR03837	m	single	-38.8	3.0	4717aaf493
MAR03839	c	single	32.7	0.6	b4adb78996
MAR03841	c	single	-10.9	0.4	de3bfc9098
MAR03843	c	single	-27.6	0.3	5b083471bd
MAR03845	c	single	-6.8	1.2	3624ce7caa
MAR03847	m	single	-30.6	2.1	446602b516
MAR03851	c	single	-292.1	100005.1	14b2e88a84
MAR03852	c	single	-111.7	4.8	72a04c25e3
MAR03853	c	single	-6.4	2.9	bc65192aa9
MAR03854	c	single	-15.8	1.7	ca522d7443
MAR03855	c	single	-25.2	1.7	847274ff30
MAR03856	c	single	-15.8	1.7	d2294fc122
MAR03857	c	single	-49.4	3.0	c3599696b8
MAR03860	m	single	-28.8	3.1	c45aa458d1
MAR03861	c	single	-9.4	1.9	31117f8fcc
MAR03862	m	single	-34.9	3.5	1ecb171e03
MAR03865	m	single	-9.1	1.9	4e32c001d8
MAR03866	m	single	-296.1	100005.1	b176bbad63
MAR03868	c	single	-31.4	0.8	5fd6a9520b
MAR03869	m	single	-27.2	0.8	7d92a6b0c1
MAR03870	m	single	-27.3	0.8	d21aa8eb9b
MAR03871	c	single	4.3	2.9	f69cd77fc9
MAR03873	m	single	-19.4	4.0	631116d772
MAR03875	c	single	-106.2	100006.6	39923df6e5
MAR03877	c	single	19.5	2.4	e8268d764d
MAR03878	c	single	299.3	100000.0	a1cc4c1a6f
MAR03879	c	single	-15.5	2.8	e9d0b76d36
MAR03880	c	single	299.3	100000.0	a4fc48ea6c
MAR03881	c	single	-31.4	6.2	ee78f35ae0
MAR03882	c	single	-1441.5	24.9	453dd13796
MAR03883	c	single	-47.3	0.9	f238c8b369
MAR03884	c	single	299.3	100000.0	94a42b5376
MAR03885	m	single	-25.0	0.9	d50e5ea6a2
MAR03886	c	single	17.4	1.0	91056b2e9b
MAR03887	m	single	12.7	1.0	eab2492346
MAR03888	x	single	18.5	1.0	38b84fc61d
MAR03889	c	single	-22.5	3.3	bf7f22e6c1
MAR03890	c	single	-13.9	0.8	e80884492f
MAR03891	r	single	-374.2	3.1	8121b2ae33
MAR03892	m	single	-31.8	0.9	146936cee0
MAR03893	n	single	-320.3	3.1	e3ef446355
MAR03894	m	single	12.7	1.0	a79cdc16e4
MAR03895	m	single	28.8	2.3	ec87285fc5
MAR03896	x	single	18.5	1.0	46bac492ab
MAR03897	m	single	-21.7	1.6	eb7663d9a7
MAR03898	c	single	0.0	100000.0	93f255139f
MAR03899	c	single	0.2	0.5	dd0cf5fbb5
MAR03900	n	single+proxy	-346.1	4.6	39d071efb7
MAR03901	c	single	10.1	100007.3	f78f74c22c
MAR03903	c	single	-53.7	3.6	fca27f817f
MAR03905	c	single	19.9	0.3	090aba3d6a
MAR03906	n	single	-320.3	3.1	296dd7635c
MAR03907	c	single	19.8	0.5	13b7e08cc5
MAR03908	c	single	-77.3	100005.9	89e9dbe9e1
MAR03909	c	single+proxy	-374.2	3.1	b85c71ab69
MAR03910	c	single	-35.6	3.1	125326b6d8
MAR03911	c	single	529.8	122477.9	d6fdbbe2a9
MAR03912	c	single	-17.0	4.7	e204d728ee
MAR03913	r	single+proxy	-374.2	3.1	b1fa022e6b
MAR03914	c	single	12.8	2.6	9b3ea2f910
MAR03915	c	single	3.2	100007.3	75c064e4b5
MAR03917	c	single	-5.1	5.2	fe69de2bf3
MAR03918	m	single	0.0	100000.0	976623d9a7
MAR03919	c	single	-20.1	1.7	ae97f4ffa3
MAR03920	c	single	31.6	100007.5	cb24552c4d
MAR03922	m	single	29.5	1.8	9f71c7b77c
MAR03924	n	single	0.0	100000.0	05085ff233
MAR03925	c	single	46.0	100000.0	01bacb7b19
MAR03926	m	single	17.4	4.1	a1d969fe67
MAR03927	n	single	-320.3	3.1	e6118dbaeb
MAR03929	c	single	39.7	48211.7	ebd3c766d9
MAR03930	x	single	-320.3	3.1	75d70e7455
MAR03932	c	single	-320.3	3.1	8f65e992c9
MAR03933	c	single	30.6	4.7	9223b93e52
MAR03934	m	single	-320.3	3.1	f971975b89
MAR03935	c	single	6.3	2.8	b15ceeb380
MAR03936	x	single	-320.3	3.1	dc70f705c1
MAR03937	c	single	-24.0	4.4	f47baa15a2
MAR03939	m	single	-27.6	3.1	713c8bb987
MAR03942	m	single	62.9	4.6	f690ea429a
MAR03943	r	single	63.0	4.6	c86ab8966c
MAR03944	c	single	-1.5	0.6	4e1882287f
MAR03955	c	single	-6.3	3.1	e9bdc9c214
MAR03956	m	single	-10.9	3.1	8e8dbf4bf3
MAR03957	m	single	-12.6	3.8	e2b9a07bb8
MAR03958	m	single	-12.5	3.8	6f86cc7533
MAR03960	c	single	85.5	100000.0	35100ff0d4
MAR03963	m	single	20.5	4.2	703828d97e
MAR03964	c	single	-45.3	0.3	093245c9de
MAR03965	c	single	-46.3	1.3	a0be446148
MAR03966	m	single	-66.0	0.6	85fe6ead97
MAR03967	c	single	-4.3	3.2	2eb91b67b4
MAR03968	c	single	-1.0	1.3	5b7708048f
MAR03969	c	single	-20.8	4.4	0a61b9da2a
MAR03970	c	single	-25.8	4.2	a91298427f
MAR03972	c	single	-8.3	1.2	d3f584b580
MAR03973	r	single	20.6	4.2	d695593a3a
MAR03974	c	single	-41.3	1.8	2247cb6d63
MAR03975	r	single	-33.8	0.2	3cf779180f
MAR03976	m	single	20.5	4.2	212d4ccf4f
MAR03977	c	single	-33.8	0.2	8feb26738f
MAR03978	r	single	20.6	4.2	bdde3362a4
MAR03979	x	single	-34.1	0.2	41c9758ee9
MAR03980	c	single	-174.8	6.7	6f21a13978
MAR03982	m	single	-174.8	6.7	b2647ead6e
MAR03984	x	single	-174.8	6.7	2c87f4b495
MAR03985	n	single	316.5	118090.9	601de022a4
MAR03988	l	single	-30.2	3.6	c411fcf605
MAR03989	e	single	-31.7	2.6	18558dd510
MAR03991	e	single	-22.7	16.9	0b0d78dfd1
MAR03993	c	single	47.7	100000.0	33b7921449
MAR03995	c	single	-13.6	8.6	a42472f76d
MAR03996	c	single	-13.7	8.6	e309c9c71e
MAR03997	m	single	-73.2	4.3	4eaa92d2b2
MAR03998	c	single	-45.4	0.3	e9bb0550ec
MAR03999	e	single	-46.5	0.3	56bb12e648
MAR04000	c	single	-14.9	1.0	a4296cfce0
MAR04002	c	single	-0.1	0.2	e99d36c8b1
MAR04003	m	single	-73.2	4.3	9000f967c4
MAR04004	m	single	-0.5	0.2	3ffc129120
MAR04006	c	single	0.0	1.3	45606b05f0
MAR04008	c	single	0.9	3.2	ac57807420
MAR04009	r	single	64.8	100000.0	ba97827915
MAR04010	c	single	-31.8	1.4	fa374ba20c
MAR04011	n	single	0.1	100000.0	26c8fa2467
MAR04012	c	single	-13.5	1.4	9d550486ce
MAR04013	r	single	0.1	100000.0	d0b0900778
MAR04014	c	single	-42.0	1.1	3f286f5e51
MAR04016	c	single	2.7	1.3	0b51c2b04e
MAR04017	c	single	64.8	100000.0	0e5ddd2033
MAR04018	m	single	2.6	1.3	3dc7a63949
MAR04019	r	single	64.8	100000.0	9b8500233b
MAR04020	c	single	0.2	1.2	26928ac25d
MAR04021	c	single	-0.0	100000.0	85b5849be5
MAR04022	c	single	-19.6	3.1	5fe3d0b636
MAR04023	r	single	-0.0	100000.0	63c840c2e3
MAR04024	c	single	-1.6	2.9	fec664d5e8
MAR04025	x	single	-0.0	100000.0	96ad4d51a9
MAR04026	m	single	-2.0	2.9	02a42b4dff
MAR04028	c	single	-0.3	2.3	c84f6d676e
MAR04030	m	single	-0.2	2.3	0f96366404
MAR04032	c	single	-5.3	2.5	086f45d1f7
MAR04034	c	single	-27.7	2.6	1099cef5dd
MAR04036	c	single	-41.8	8.6	f56c210474
MAR04038	c	single	-19.6	5.4	cc7aa7eba0
MAR04039	c	single	64.8	100000.0	d912f43422
MAR04040	c	single	18.3	4.0	331c05da96
MAR04041	r	single	64.8	100000.0	c77d40245a
MAR04042	c	single	2.6	2.1	67a9dc33f3
MAR04043	c	single	-0.0	100000.0	bbea20752a
MAR04044	c	single	-2.4	1.5	362ce04ab8
MAR04045	r	single	-0.0	100000.0	a31aae0521
MAR04046	c	single	-344.5	67666.5	345991b732
MAR04047	x	single	-0.0	100000.0	68f9309e2b
MAR04048	c	single	-34.3	3.2	cd6c682826
MAR04049	c	single	-747.2	62806.7	b5da9fabb5
MAR04050	c	single	22.3	2.9	20d09bbbf2
MAR04051	r	single	-747.2	62806.7	acab1effb8
MAR04052	c	single	-1.5	1.5	8c88d36dd9
MAR04054	c	single	-18.6	3.0	9387fdf667
MAR04056	c	single	-26.7	3.0	d1d84f0d73
MAR04058	m	single	-0.0	2.9	b01b799eaa
MAR04059	r	single	-44.4	3.2	89085ffb3c
MAR04060	e	single	-45.6	3.2	ef35da27e8
MAR04061	e	single	-46.0	1.3	8c255675c7
MAR04064	c	single	-29.7	2.0	47c864aab8
MAR04065	c	single	-15.7	2.0	c46aca6ab6
MAR04066	c	single	-8.6	2.2	57f5194336
MAR04067	c	single	-113.4	4.2	1eb9909155
MAR04068	c	single	-14.0	2.7	38ba10369a
MAR04069	c	single	-114.1	4.6	a47f86631a
MAR04070	c	single	-112.4	5.1	d244d2d861
MAR04071	c	single	-106.3	4.7	0bbfbdfc42
MAR04073	c	single	-38.9	3.1	0172f5ac35
MAR04075	c	single	2.3	100007.6	881a176600
MAR04077	c	single	0.7	100007.6	26d57d8f56
MAR04078	c	single	-103.6	6.2	43b9472270
MAR04079	c	single	-43.1	6.0	bbe0fdef90
MAR04080	c	single	-48.2	1.9	e182854795
MAR04081	e	single	-31.7	1.4	81c71b3a85
MAR04082	m	single	-31.6	1.4	1754ff9d9e
MAR04083	m	single	-17.8	1.4	28d14a76f8
MAR04084	c	single	-25.0	3.1	3afeb5de64
MAR04085	c	single	-20.4	1.3	19c86b93c1
MAR04086	e	single	-21.4	1.3	4bc42ec0c1
MAR04087	m	single	-5.1	3.1	a34de033eb
MAR04089	c	single	-5.0	3.1	a1820b26a6
MAR04091	m	single	-5.0	3.1	e0dc615905
MAR04093	c	single	-50.4	0.5	ca6cfd6071
MAR04095	m	single	-54.9	0.5	afc6b4c3a3
MAR04097	c	single	-6.5	0.4	e2e45ebd9b
MAR04099	m	single	-11.0	0.4	f8bd9faea9
MAR04101	c	single	-3.9	3.4	101c877db1
MAR04103	m	single	-3.8	3.4	3e746be4de
MAR04105	c	single	-31.3	3.2	d8d027e51c
MAR04106	m	single	-26.8	3.2	159cf40f84
MAR04107	x	single	-32.5	3.2	894b6c33f3
MAR04108	c	single	-1184.2	100003.1	43279a0e2e
MAR04109	m	single	0.1	0.5	3240ef599c
MAR04114	c	single	-20.3	2.4	1445083357
MAR04115	m	single	-20.6	2.4	253194499a
MAR04116	c	single	-274.5	3.3	eb6779a82b
MAR04118	c	single	-31.4	0.8	d394bf549f
MAR04120	e	single	-274.5	3.3	29fb6bdc23
MAR04121	m	single	-274.0	3.3	5a7440732e
MAR04122	c	single	-23.0	2.2	afd9770644
MAR04124	r	single	-26.0	3.6	ebdec79a5b
MAR04127	c	single	-54.4	3.8	29007ad61c
MAR04128	c	single	-2.9	0.8	95457b66a5
MAR04130	c	single	-14.7	1.5	8f5f533a67
MAR04131	c	single	0.9	1.3	1e8235c4fe
MAR04133	c	single	1177.6	100003.1	45e250dabf
MAR04134	e	single	-46.3	1.2	f06bfdfc0d
MAR04135	m	single	-0.2	1.2	44a92dc478
MAR04136	e	single	-43.6	1.4	db10087d0b
MAR04139	c	single	-28.3	0.3	08665092cf
MAR04141	m	single	-23.6	0.3	c7c1626185
MAR04143	m	single	-9.8	0.7	4c6f915037
MAR04145	m	single	-41.6	0.4	92e557cb7e
MAR04147	m	single	1.6	0.5	5d2d8a0ca0
MAR04149	c	single	-8.3	0.4	17007b66e6
MAR04152	m	single	1.0	1.3	3ba3b26aa3
MAR04158	c	single	-11.1	2.9	34e162d4e5
MAR04159	c	single	-1.5	2.7	8d52c7d861
MAR04160	c	single	-93.9	8.3	e9a6d67134
MAR04162	n	single	-93.9	8.3	06a0973ae2
MAR04163	c	single	-25.7	100000.0	e1abdd5a15
MAR04165	c	single	-34.8	2.0	679c5d0146
MAR04166	c	single	-17.4	1.0	67069426c2
MAR04167	c	single	-17.4	1.0	cbd8486ebb
MAR04168	c	single	-53.9	1.9	b5ef818766
MAR04169	c	single	9.6	2.9	2aada2ad83
MAR04170	n	single	9.6	2.9	ee0c8d0f77
MAR04171	c	single	-29.3	1.4	6551a45e4f
MAR04172	c	single	-34.5	3.5	d12cd55730
MAR04174	c	single	-35.8	6.0	8507c2ed63
MAR04175	c	single	-19.0	2.7	0e5e332614
MAR04176	e	single	-19.0	2.7	624e5bfaaf
MAR04177	c	single	-31.2	2.8	7f6ed08b45
MAR04179	e	single	-31.1	2.8	1ab6f28614
MAR04180	c	single	-14.1	2.8	bb51e22333
MAR04182	c	single	-11.4	3.1	f943a7c43d
MAR04183	e	single	-48.0	2.9	b5af8f71fb
MAR04185	c	single	46.5	1.2	ee6d568102
MAR04186	c	single	-15.8	5.9	e93303f733
MAR04187	c	single	-29.5	5.9	2388e1bfdc
MAR04189	m	single	-173.3	5.6	bd49a9d916
MAR04190	c	single	23.7	100000.0	e8b8df98cd
MAR04191	m	single	-16.2	6.1	acae8db5a6
MAR04192	e	single	-46.5	2.3	7f78d829bc
MAR04193	c	single	-26.3	2.4	b2d6629d7c
MAR04194	c	single	-36.6	2.6	03eb4afb70
MAR04196	c	single	-11.2	2.2	02bccb89a9
MAR04197	m	single	-11.2	2.2	f80eb2cbf2
MAR04198	c	single	4.1	0.8	d5676bd0c9
MAR04199	c	single	-27.6	2.5	199107ee95
MAR04200	c	single	-6.0	1.9	a775d03ff0
MAR04201	c	single	-273.6	4.7	9ce176aa03
MAR04202	c	single	32.3	3.3	0179a67644
MAR04204	c	single	-4.4	2.5	2e24ea75ff
MAR04206	c	single	7.7	1.3	fa60b233e7
MAR04207	c	single	-53.0	1.3	2817224747
MAR04208	c	single	2.6	4.1	55d2d5c468
MAR04209	m	single	-22.1	3.6	dacd6e369c
MAR04210	c	single	-26.6	1.3	c0cb689306
MAR04211	e	single	-57.9	3.9	8e11f3094e
MAR04212	c	single	-45.5	5.5	85cdb57b86
MAR04214	c	single	-324.8	6.6	98e798484c
MAR04216	c	single	-51.5	5.6	7902aaf3a2
MAR04218	c	single	-71.5	2.1	9362cb1ed5
MAR04219	c	single	-51.6	5.6	fb1804f865
MAR04220	c	single	-424.3	3.8	880894217b
MAR04222	c	single	-120.9	5.6	1eac2c2f05
MAR04224	c	single	-71.5	2.1	e805f5f2c1
MAR04225	c	single	-71.5	2.1	c8c7ea95bc
MAR04227	c	single	-70.0	100000.0	4b5cb0e38e
MAR04228	c	single	-230.9	6.4	abc9b3254c
MAR04231	c	single	-32.7	3.3	b9daa18f98
MAR04232	c	single	-150.8	4.2	8bd72225ed
MAR04233	c	single	-40.3	1.1	ee93fda7e6
MAR04235	c	single	-97.9	3.3	434e18d835
MAR04244	c	single	-7.8	1.9	82ccb3ffe2
MAR04245	c	single	-113.2	5.2	5e466a7b30
MAR04246	c	single	-121.0	5.6	cef5386d16
MAR04248	c	single	0.0	0.0	6f093a5546
MAR04250	c	single	-158.7	4.7	60c7288eab
MAR04251	c	single	-44.9	4.3	e59d110bbc
MAR04252	c	single	-44.7	2.9	37cc4c7d85
MAR04253	c	single	-0.6	2.9	9870d8266b
MAR04254	c	single	-7.6	2.9	2e2cc40791
MAR04255	c	single	-31.9	4.7	c143a5976c
MAR04257	c	single	-24.9	4.7	234a70d47f
MAR04259	c	single	-14.6	5.6	576bd61ed5
MAR04260	c	single	-51.8	2.9	61621a29a2
MAR04261	c	single	-20.4	2.8	02aab9fd7b
MAR04262	c	single	-15.1	5.2	62856176f0
MAR04263	c	single	-53.8	3.0	53271441df
MAR04264	c	single	-11.8	5.1	6cc892fb30
MAR04265	c	single	-33.6	5.1	5db026407b
MAR04267	m	single	-3.2	2.9	521c00c2a2
MAR04268	m	single	-15.6	2.9	babe4759c8
MAR04269	c	single	-11.1	2.9	b252ece321
MAR04270	c	single	-34.2	2.9	957d4cc2ce
MAR04276	n	single	-24.9	4.7	870cb76a08
MAR04278	n	single	-20.4	2.8	e69987e36d
MAR04280	m	single	-20.8	0.5	c222e99923
MAR04281	x	single	-26.8	0.5	20d3aa50bc
MAR04282	m	single	-25.4	5.2	0aa4dde1ed
MAR04283	c	single	-52.2	1.3	32285cdaa1
MAR04284	c	single	-7.1	2.2	e07a142bc5
MAR04285	m	single	-48.2	2.4	175f0c55b8
MAR04287	m	single	-48.1	2.4	abe5b3d3b2
MAR04288	m	single	-13.8	3.0	ffa31ecc46
MAR04290	e	single	-47.6	1.5	dcb2c5c3b2
MAR04291	c	single	-1.3	1.5	54bdf6232d
MAR04296	c	single	-74.8	2.6	268a887347
MAR04297	c	single	0.3	2.5	89c4a6cbd1
MAR04299	c	single	-9.4	2.5	715f347ccf
MAR04300	c	single	-22.0	2.6	655c9b9ec6
MAR04301	c	single	-19.3	1.8	888ac5da97
MAR04302	c	single	-40.0	4.3	d8d540fef6
MAR04303	e	single	-40.5	1.8	8f9b813927
MAR04304	r	single	-5.1	1.3	8f7284cb2c
MAR04308	c	single	-59.6	7.5	cab2216d76
MAR04310	c	single	-16.4	1.9	2ca1e790d1
MAR04315	c	single	11.6	1.7	87332b0d45
MAR04316	c	single	10.4	1.1	92e63eabc8
MAR04317	c	single	-9.4	2.0	a1b5c901d6
MAR04318	c	single	9.3	2.5	80e8205cee
MAR04319	c	single	-10.4	1.5	b6c75506a2
MAR04320	c	single	-19.4	1.2	3a75b64db9
MAR04323	c	single	-7.3	4.3	6e1ff1f67b
MAR04324	c	single	-33.8	4.9	274bbb47b5
MAR04326	c	single	-29.3	2.6	647468b26f
MAR04328	c	single	-8.6	4.9	056aeec9e1
MAR04329	e	single	-8.6	4.9	3c1c58dc89
MAR04330	m	single	3.7	3.0	c1c10f1821
MAR04332	c	single	-24.0	1.2	80b97f7c81
MAR04333	c	single	-24.0	1.1	174e67a3cc
MAR04335	m	single	-19.3	1.1	d2ebf44e52
MAR04336	c	single	-57.3	3.5	437ea04567
MAR04338	c	single	-2.4	1.9	aa43069fef
MAR04340	m	single	-1.9	1.9	f40e9d3d6f
MAR04342	e	single	-21.8	3.3	799955a570
MAR04343	c	single	-18.4	4.4	45106a398f
MAR04344	c	single	0.2	3.9	d5ad110a5e
MAR04345	c	single	0.1	3.9	55fc3f8f56
MAR04346	c	single	-9.4	1.7	330d4e40d4
MAR04347	c	single	-89.2	7.0	7c04940234
MAR04348	c	single	-41.2	4.2	bb11b5ae99
MAR04350	c	single	25.4	1.7	fc8ae91c6b
MAR04351	r	single	2.1	0.8	8ed76a3b8f
MAR04352	c	single	2.1	0.8	6a0a25cdd0
MAR04354	c	single	-11.5	1.5	d349a5504c
MAR04355	c	single	-3.8	2.8	bbf83e0655
MAR04356	c	single	1.2	1.5	bc733cb268
MAR04358	c	single	-26.6	0.4	41f7dfc0cd
MAR04360	c	single	-33.4	2.1	39424217a3
MAR04363	c	single	-3.8	0.3	835d258064
MAR04365	c	single	-4.5	0.4	97a1a206a8
MAR04368	c	single	-19.4	0.4	b94c736f49
MAR04370	c	single	-64.8	0.5	1fa687a935
MAR04371	c	single	-37.7	2.4	74ddb63ffb
MAR04372	c	single	-27.1	2.4	08b29b38f2
MAR04373	c	single	-20.3	0.4	edc67939a6
MAR04375	c	single	-2.2	2.3	aa7093152f
MAR04377	c	single	-26.0	1.2	1cbf5aad55
MAR04379	c	single	-19.3	1.2	212752bdb3
MAR04381	c	single	-9.6	1.4	0ae6f45368
MAR04383	c	single	-2.1	0.6	71bdc812b1
MAR04385	c	single	9.2	0.8	d9c6277e42
MAR04386	c	single	-8.2	3.9	4c9f2eb05e
MAR04387	c	single	-16.9	3.6	5e9291e1c4
MAR04388	c	single	-25.5	0.5	c3065d9bd7
MAR04390	e	single	-31.9	2.2	a4a04be63c
MAR04391	c	single	5.6	0.5	8e3074505a
MAR04394	c	single	-18.9	0.4	ca17be6dcf
MAR04396	c	single	-7.4	0.7	bb5f0b6915
MAR04398	c	single	3.2	1.5	77de2ec223
MAR04399	c	single	-55.4	4.0	9eb00bc049
MAR04400	c	single	2.3	1.6	f1aed5429d
MAR04401	c	single	-7.2	2.1	e1c9564989
MAR04402	c	single	-2.1	2.0	18627c3e5f
MAR04403	c	single	5.5	2.9	b009472996
MAR04404	c	single	-3.3	2.3	30fe25b5d6
MAR04406	c	single	-79.0	2.7	7816f485c6
MAR04408	c	single	-3.4	0.3	b0fa88b80e
MAR04410	m	single	-3.4	0.3	7d23b40081
MAR04412	c	single	0.9	1.4	64a6ba522e
MAR04415	e	single	-27.9	1.1	d91e48c722
MAR04416	e	single	-19.2	3.0	65a1c10348
MAR04417	c	single	-22.6	1.9	ebc8e4fc8f
MAR04418	c	single	-29.7	1.6	36237f28dd
MAR04419	c	single	238.0	67665.8	53b8d43ad7
MAR04420	m	single	-2.4	1.5	70300c0456
MAR04421	c	single	-24.2	1.5	29cb10af32
MAR04422	e	single	-44.4	5.5	3f55600180
MAR04423	e	single	-109.0	4.6	0f597813f7
MAR04424	m	single	-75.7	6.3	e4b75c03a1
MAR04425	c	single	-43.0	6.0	5b5cc04e11
MAR04426	c	single	25.0	1.8	3e8aaf1299
MAR04427	c	single	-13.9	6.0	92d2763ea4
MAR04428	c	single	-43.6	3.6	23a654a22e
MAR04429	c	single	30.9	100006.0	91cd439cd5
MAR04430	c	single	-110.5	4.6	ba54b48b03
MAR04431	c	single	-40.5	1.1	9e85e0493a
MAR04437	c	single	-10.1	1.0	861c6bcb26
MAR04440	m	single	-3.9	1.1	c65d668017
MAR04441	c	single	-16.5	1.5	88824f59ec
MAR04442	c	single	-7.9	1.1	9288c3d6ac
MAR04444	m	single	-3.9	1.1	aebb225e8f
MAR04445	x	single	3.7	1.7	7a2b544f9e
MAR04446	c	single	-42.2	4.2	86d1ab2ce6
MAR04447	x	single	-39.3	1.4	296f674cf0
MAR04448	c	single	-42.3	4.2	564b5320ac
MAR04449	c	single	-24.9	3.4	f6bcd4c3ea
MAR04450	e	single	-24.8	3.4	ba859cd1d7
MAR04451	m	single	24.7	3.4	5dee74b48b
MAR04452	c	single	-30.7	2.2	a78bcfed81
MAR04453	c	single	-313.1	67666.5	a54eabb1e3
MAR04454	c	single	7.6	2.4	fa7c1ab678
MAR04457	c	single	-2.8	1.7	c576fa2d5c
MAR04458	m	single	-8.5	1.1	5579a58250
MAR04461	m	single	5.0	0.7	89cb50dbb5
MAR04462	c	single	-2.8	1.7	1aca772e33
MAR04464	m	single	-26.7	4.1	32e430645a
MAR04465	c	single	-29.9	0.5	d54683227d
MAR04466	c	single	1.6	1.7	3a7188f890
MAR04467	x	single	4.1	0.8	1d3aae7c2a
MAR04470	c	single	-2.6	3.2	198651e3c9
MAR04471	m	single	2.2	3.2	da3a9d282d
MAR04472	c	single	-2.5	3.2	ae86b675d3
MAR04473	r	single	-6.8	3.2	252328a6ae
MAR04474	c	single	-6.8	3.2	0b61df9843
MAR04475	c	single	-2.8	1.7	1555d17219
MAR04476	c	single	11.0	3.2	ea8744049c
MAR04477	c	single	3.4	1.2	9e2a93d067
MAR04480	c	single	-3.0	1.5	a5d3c4abdd
MAR04481	c	single	-39.1	0.7	6b32453a29
MAR04482	e	single	-37.9	0.7	6267695932
MAR04483	m	single	-23.8	3.0	392699559e
MAR04484	m	single	-25.7	3.0	fe7eadc598
MAR04485	c	single	-6.6	3.7	fd0648780a
MAR04486	c	single	-20.2	1.5	3cdefac23e
MAR04487	c	single	-21.2	1.5	2cfb7b7491
MAR04488	c	single	-11.8	2.1	089092dd04
MAR04489	c	single	-12.8	1.2	26c9d26757
MAR04490	c	single	-14.1	1.6	6596114a09
MAR04491	c	single	3.7	1.7	94adc6a273
MAR04492	c	single	-15.4	2.2	0ad59da0c4
MAR04493	c	single	-16.4	1.8	4ef601ae0d
MAR04494	c	single	-9.4	3.0	ebb52fdb2b
MAR04495	c	single	-10.7	3.3	5485c1ffe4
MAR04496	c	single	-11.8	3.1	5928cea5c7
MAR04497	m	single	17.5	2.9	b84726bc9e
MAR04501	c	single	-3.9	1.9	224029d08b
MAR04503	c	single	5.0	0.9	93f5db77ea
MAR04504	c	single	-2.8	1.7	b5399c417d
MAR04505	m	single	5.6	0.9	665c7b269b
MAR04507	c	single	-41.1	2.5	5cea4b7335
MAR04508	c	single	-2.8	1.7	db12dbead5
MAR04509	x	single	-39.3	1.4	b41aa4cefe
MAR04510	c	single	-33.6	2.3	0cb4d34a94
MAR04511	c	single	-16.5	1.5	746a406a2e
MAR04512	c	single	-1.3	2.9	4c53eb1a13
MAR04513	c	single	-11.7	2.3	e496464305
MAR04514	c	single	-38.3	2.0	560c111b3e
MAR04516	c	single	-46.6	2.9	be1b2a2bb4
MAR04518	c	single	251.7	67666.7	81cb7bd389
MAR04519	c	single	14.7	3.9	f62965b0eb
MAR04520	c	single	-116.4	5.7	5740026014
MAR04521	r	single	-26.5	0.5	9927fea32d
MAR04522	c	single	-2.8	1.7	cfb0eab1ca
MAR04523	c	single	49.6	100000.0	9b9ccc728a
MAR04524	c	single	-10.5	2.6	51ae957ade
MAR04525	r	single	-38.8	3.4	c1141d5091
MAR04526	c	single	-38.8	3.4	87a86f7efd
MAR04527	c	single	-3.7	2.1	8eae5d223f
MAR04528	c	single	-12.1	3.1	ae70279bd1
MAR04529	c	single	-65.7	3.1	83b8339c08
MAR04530	c	single	-29.1	1.2	2edab9ffaa
MAR04532	c	single	228.9	70715.5	1a64401385
MAR04536	n	single	227.7	70715.1	6ee70f13ca
MAR04537	c	single	-282.9	49657.1	bd09b02f70
MAR04543	c	single	-2.1	100000.0	7485262b6a
MAR04544	n	single	-2.1	100000.0	e247d80624
MAR04545	c	single	-37.3	3.1	a8f2d3265a
MAR04546	c	single	-24.1	1.8	85bfd69c24
MAR04547	c	single	-8.8	100004.3	0f67c10ef9
MAR04550	c	single	-309.6	6.6	4ec133bd37
MAR04551	c	single	-423.5	11.7	594ff7c363
MAR04554	c	single	-76.4	10.3	0603d331d9
MAR04555	c	single	6.2	100007.1	7426e9df6c
MAR04556	c	single	-14.0	141427.8	b0155878d8
MAR04557	c	single	-310.0	6.6	cb3d2df5c2
MAR04558	c	single	-110.6	4.6	31acf8982f
MAR04559	c	single	-40.6	1.1	6b24d03516
MAR04560	c	single	-171.7	4.3	95aad94ba7
MAR04561	c	single	-19.4	1.0	29824506fc
MAR04563	c	single	-8.8	100004.3	8faecac605
MAR04564	c	single	-8.8	100004.3	9fd18fd851
MAR04565	c	single	6.0	1.9	f62cb6d8cc
MAR04567	c	single	-15.0	2.9	9ef863aaf7
MAR04569	c	single	-2.8	1.7	fd6e5cf4e5
MAR04570	c	single	-1.9	2.4	68a92b0207
MAR04571	c	single+proxy	-2.8	1.7	fe2795e2b7
MAR04572	m	single	-1.4	2.4	8eaf6b941c
MAR04573	c	single	-24.7	2.4	031f6ae4c4
MAR04574	c	single	8.4	1.1	8a86eb35b7
MAR04577	c	single	6.8	1.3	2aecbcd846
MAR04579	c	single	0.3	1.3	2de9390046
MAR04580	c	single	-32.0	1.1	848875b23b
MAR04582	c	single	-0.4	2.9	0620aed453
MAR04583	c	single	-26.7	100009.2	b3abd40bdc
MAR04584	c	single	7.0	6.5	05beb4e91a
MAR04589	m	single	-0.8	2.5	50fa31d2fd
MAR04590	c	single	-17.8	1.3	6a61b756f5
MAR04591	c	single	17.8	1.4	5461c5c31b
MAR04592	c	single	-14.5	1.1	25eb4b82e5
MAR04593	c	single	18.2	1.0	e5be45b71a
MAR04594	c	single	-27.1	2.8	8aade0679e
MAR04595	c	single	23.3	2.0	985b19c42a
MAR04596	c	single	0.7	2.9	1bd410bb08
MAR04597	m	single	0.7	2.9	28dfd0c426
MAR04600	c	single	-13.9	2.3	eb84bf719c
MAR04601	m	single	-18.2	2.3	7a0fabf09a
MAR04602	c	single	-31.4	2.3	6c441fb1d0
MAR04603	c	single	-17.8	3.8	124355224c
MAR04604	x	single	-17.0	2.4	0ee3dd86d4
MAR04605	m	single	-59.0	2.0	bc2f2ac14c
MAR04606	c	single	-37.6	3.1	54aa5b2a22
MAR04607	c	single	-19.3	3.0	f8403e53ef
MAR04608	c	single	-5.6	1.7	fed3365dc5
MAR04610	c	single	-2.8	1.7	de8db03176
MAR04623	r	single	-23.7	1.7	69eb7f6ee6
MAR04624	c	single	3.7	1.7	96e61969a1
MAR04625	c	single	-23.7	1.7	71c05f8335
MAR04627	c	single	8.8	100007.3	71f0e83682
MAR04628	c	single	-25.1	3.8	23713164cf
MAR04629	c	single	-25.3	3.8	fecc98d590
MAR04630	x	single	-19.9	1.8	bcdae79a92
MAR04631	c	single	7.4	1.9	1e77caaaaf
MAR04632	c	single	-33.4	2.6	a4f8afb4f5
MAR04633	c	single	-12.0	2.6	34b6be24df
MAR04634	c	single	-2.8	1.7	b4f7e2face
MAR04635	c	single	-0.1	2.6	acc424e893
MAR04636	c	single	-2.8	1.7	f24d290773
MAR04637	c	single	1.5	2.9	4ff9878f19
MAR04639	c	single	-2.8	1.7	87e11260bb
MAR04640	m	single	0.8	1.3	3db210ab79
MAR04641	c	single	-14.5	1.2	e9015994fa
MAR04642	c	single	-30.8	1.2	51f75b52bc
MAR04643	m	single	-64.7	2.6	745472eba4
MAR04644	c	single	-45.2	2.9	7f354bd00b
MAR04646	c	single	-23.8	4.7	00ba48a321
MAR04648	x	single	-22.4	4.7	2d434c8b8c
MAR04649	c	single	-155.0	6.3	1296da1d59
MAR04651	c	single	11.7	2.1	19656c9770
MAR04654	c	single	-13.6	3.2	231d05598d
MAR04655	c	single	-13.5	3.1	44ab06072c
MAR04656	m	single	-4.5	3.1	32a84ef2be
MAR04657	m	single	-26.7	3.1	cdec0ff920
MAR04658	c	single	6.9	2.0	e4795978da
MAR04660	c	single	-15.4	48212.2	da1ffdee81
MAR04662	c	single	8.4	3.1	6cd7c25567
MAR04663	c	single	10.9	2.9	4477a83255
MAR04664	c	single	-26.2	2.4	7f40e8681d
MAR04665	m	single	44.3	7.5	25d62e1a8c
MAR04666	m	single	-93.7	7.6	6cc65e0c69
MAR04667	m	single	13.8	3.2	bbfd5a1a58
MAR04668	m	single	13.9	3.2	44adee6b3c
MAR04670	c	single	-4.1	2.4	e84de6a92a
MAR04671	c	single	7.4	4.3	361465f9b4
MAR04672	c	single	-47.1	2.0	e905e256f9
MAR04673	c	single	1.5	1.3	dd1d780ac9
MAR04675	m	single	-1.6	1.3	1ffb6431e6
MAR04676	c	single	-12.6	2.3	503cd8f60a
MAR04678	x	single	-2.3	1.7	9a359d0d5a
MAR04679	c	single	-66.4	100006.0	1025859782
MAR04680	c	single	-4.0	2.0	b2adbb447f
MAR04681	c	single	-44.0	5.0	157f3bdd60
MAR04682	c	single	-110.6	4.6	01ec37f3c0
MAR04683	c	single	-39.8	1.7	7da1bc9322
MAR04685	m	single	-49.1	1.7	2d0d5bf245
MAR04686	c	single	39.9	1.7	7d02c185ea
MAR04687	m	single	-49.1	1.7	6a8d97894e
MAR04688	m	single	-59.0	2.0	ea2b979513
MAR04689	c	single	-49.7	2.0	c25985be08
MAR04690	c	single	-39.6	3.5	da99f242f0
MAR04693	m	single	6.4	1.5	cc8f5bde3d
MAR04694	c	single	-37.9	3.3	b7099e3f64
MAR04695	c	single	-11.1	2.7	b324e17c09
MAR04699	c	single	6.8	141426.0	ad6409ba9b
MAR04700	c	single	-67.7	100006.3	4b7ce86c2e
MAR04701	c	single	14.0	141427.8	1c9c956d58
MAR04703	c	single	-40.4	1.1	ccf97e0add
MAR04704	c	single	-171.6	4.3	a89da72153
MAR04705	c	single	-28.7	2.2	84ad818943
MAR04706	c	single	-45.6	2.5	e2dae3b270
MAR04707	c	single	-2.8	1.7	1ce238dca8
MAR04708	c	single	-34.4	5.1	518c90ae85
MAR04709	c	single	-10.0	2.5	24033e56dc
MAR04710	c	single	-27.9	2.9	57359767b6
MAR04711	c	single	-2.8	1.7	efe091d8ff
MAR04712	c	single	-9.8	1.3	94e7770a5d
MAR04714	c	single	-18.6	1.2	1610694a41
MAR04715	m	single	-27.8	1.2	92a48b90b3
MAR04716	c	single	-36.0	3.1	201ed98587
MAR04717	c	single	-21.1	4.6	0654229f69
MAR04718	c	single	-10.3	4.1	ca6715e55b
MAR04719	c	single	-2.8	1.7	fa884544bc
MAR04722	x	single	-2.8	1.7	d0299e31b8
MAR04723	c	single	-54.0	5.0	32fc5346e4
MAR04725	c	single	-38.3	3.1	e3eeeb50ae
MAR04727	c	single	-19.7	5.2	cd4f057bff
MAR04730	c	single	16.3	1.2	fef9e8be62
MAR04731	m	single	20.7	1.2	75fb8a6db2
MAR04732	c	single	-37.2	5.1	d981e61c85
MAR04733	m	single	-38.3	3.1	da8220425a
MAR04734	m	single	-15.2	5.2	80a6f1d363
MAR04735	m	single	2.3	2.0	948727a7b9
MAR04736	c	single	-6.7	2.8	eb3cdfeb64
MAR04737	c	single	-43.7	2.9	77874e91d6
MAR04739	m	single	-53.1	2.9	bc9daffa0d
MAR04740	c	single	28.8	5.2	57e826fc38
MAR04741	m	single	-62.3	3.2	2765ab2193
MAR04742	m	single	0.9	4.2	2f8c7563ca
MAR04744	c	single	-85.8	4.1	da76bd636c
MAR04745	c	single	3.7	1.7	7200e8a41d
MAR04746	c	single	-150.0	8.6	e438e0d2c5
MAR04748	c	single	-314.0	400035.1	cd188127d4
MAR04749	c	single+proxy	-2.8	1.7	52cd8d07e8
MAR04750	c	single	-97.7	12.4	cb941813de
MAR04752	c	single	-374.7	7.6	bd15a7cea3
MAR04755	m	single	-0.0	100000.0	d146520074
MAR04757	c	single	-0.0	100000.0	1f681e3d46
MAR04759	c	single	3.7	1.7	bf0e5eda69
MAR04764	c	single	22.0	9.9	a9cbcaa95c
MAR04766	r	single	8.1	5.1	079f7c2185
MAR04767	r	single	-0.0	0.0	677f7242b1
MAR04771	c	single	314.0	400035.1	fc604cbddb
MAR04772	c	single	-97.7	12.4	2c75539da1
MAR04776	c	single	-488.7	9.5	4bb5e40c2b
MAR04777	m	single	-488.7	9.5	09a9111e6d
MAR04778	c	single	47.7	7.2	f50f8e0a28
MAR04779	m	single	38.5	7.2	695cef0c11
MAR04780	c	single	47.7	7.2	f28daf703f
MAR04781	m	single	38.5	7.2	faf3d4ba48
MAR04784	m	single	-1.7	5.4	9b23c1a4b7
MAR04785	m	single	-1.6	5.4	ac66202270
MAR04786	m	single	-10.1	2.5	9ecdacbb1a
MAR04787	m	single	0.8	1.5	b8b3e4f11f
MAR04788	m	single	-8.5	1.6	c9d0191d78
MAR04791	x	single	-8.4	1.6	7ef1333fb2
MAR04792	m	single	6.6	1.2	3052aecc60
MAR04796	c	single	-19.1	2.4	2b1dc333fe
MAR04797	c	single	-42.4	1.4	6edaa769a7
MAR04799	c	single	-26.6	2.3	5093dbc057
MAR04802	c	single	-13.5	48215.5	6d5b4431cd
MAR04804	c	single	-15.6	3.4	7bd7affee2
MAR04805	ce	multi	-11.6	1.5	4f1f7b6876
MAR04806	c	single	0.2	5.7	a346b7936c
MAR04808	c	single	13.3	48211.9	14743a32e4
MAR04810	c	single	-74.2	5.2	75437eeaf7
MAR04812	c	single	-6.5	2.9	12f3560ec6
MAR04814	c	single	7.9	2.9	d1e2422cff
MAR04816	c	single	-129.3	6.9	f1115da35e
MAR04817	c	single	-38.1	9.3	93a78fdc97
MAR04818	n	single	-38.1	9.3	de17a64a00
MAR04819	c	single	-81.9	4.6	1ee9d9adb4
MAR04831	e	single	-6.7	3.3	ad90e3720c
MAR04832	e	single	30.0	1.8	8b00d19a66
MAR04833	c	single	-55.5	6.6	ccff2a9259
MAR04834	n	single	-55.5	6.6	65c4524f0b
MAR04835	c	single	9.8	1.3	52e36eaf0a
MAR04836	n	single	9.8	1.3	b1e86fac45
MAR04837	e	single	-28.6	1.1	300706bf72
MAR04838	c	single	-14.1	141427.8	d2c7516168
MAR04839	c	single	-15.4	173209.4	eac9d9b3e7
MAR04841	c	single	-32.7	2.1	6a20d79fae
MAR04937	c	single	4.1	2.2	83f90b3717
MAR04968	x	single	-11.1	1.9	64caae9086
MAR04970	m	single	-53.3	1.4	b461270d61
MAR04974	x	single	-59.1	1.4	b5e8636d07
MAR05069	x	single	-11.1	1.9	df20c6d0bd
MAR05081	x	single+proxy	-0.0	0.0	fbc56b9d44
MAR05104	c	single	3.7	1.7	820047d4ef
MAR05106	x	single	3.7	1.7	e3bb351507
MAR05127	c	single	0.0	0.0	a4787177a7
MAR05128	e	single	0.0	0.0	f3f31869d6
MAR05183	x	single	-10.5	1.5	a13d361ab2
MAR05299	c	single	-19.5	4.2	eb91028c3c
MAR05301	c	single	-16.8	4.4	c5cfeeb5f6
MAR05334	r	single	-16.5	1.5	c8bc062cac
MAR05341	r	single	-371.7	6.7	6c1499dd12
MAR05351	c	single	17.4	1.7	4fbf6b9dac
MAR05352	c	single	-18.0	3.7	2e0250b3bb
MAR05353	c	single	-4.9	2.9	c25731a074
MAR05363	c	single	-53.3	100000.0	b934b9f0db
MAR05378	m	single	-17.0	1.9	27c16a698c
MAR05379	x	single	-11.1	1.9	325ad2ad93
MAR05383	m	single+proxy	0.0	0.0	d2f09fd0e7
MAR05384	c	single	10.6	2.9	6bdd0e5239
MAR05385	c	single	-10.1	2.5	40df7efa38
MAR05386	c	single	-41.0	1.2	e1d476a607
MAR05387	c	single	-32.7	1.2	c055a613ef
MAR05388	c	single	-531.4	4.6	81c4fd4c72
MAR05389	c	single	-511.1	3.3	1944a29af4
MAR05390	c	single	-123.4	4.6	fadd5a5e0f
MAR05391	c	single	10.4	2.1	a53a6f21be
MAR05394	c	single	252.4	67666.9	47a65fcca1
MAR05402	x	single+proxy	0.0	0.0	4e8cea40c7
MAR05403	m	single+proxy	-17.0	1.9	0657373eff
MAR05407	e	single	-7.5	3.1	709c9868c5
MAR05410	m	single+proxy	0.0	0.0	0bfae7aab9
MAR05412	m	single+proxy	-53.3	1.4	30ae010171
MAR05418	m	single	34.6	1.8	f781657513
MAR05419	m	single	38.6	4.7	dea0acaf63
MAR05425	r	single	-1271.1	9.3	f97ef01bd4
MAR05427	r	single	-374.2	3.1	f244a52fe3
MAR05456	c	single	2.2	3.0	fd3468306a
MAR05991	c	single	3.7	1.7	39be8568d6
MAR05999	m	single	-0.4	1.9	100d7c3a81
MAR06278	c	single	-2.8	1.7	3bd0201315
MAR06280	x	single	-11.3	2.4	c66475c975
MAR06281	m	single	-2.7	2.6	070f76f059
MAR06282	x	single	-2.7	2.6	a1e083703d
MAR06348	r	single	-374.2	3.1	5e4a37b949
MAR06349	c	single	-22.7	1.3	e83cd681d9
MAR06350	c	single	-22.7	1.3	75b71b2ac6
MAR06376	c	single	-22.8	1.3	9a8b2b6d46
MAR06390	m	single	-53.3	1.4	079d710b4e
MAR06394	c	single	-7.6	1.6	528f16025f
MAR06395	e	single	-211.0	8.4	dd06e57136
MAR06396	c	single	3.4	1.6	1d5e4a12fc
MAR06397	c	single	-4.3	0.4	83cbd289a2
MAR06405	c	single+proxy	-10.8	2.7	82a5063d16
MAR06407	m	single+proxy	-17.0	1.9	01cd655fb3
MAR06409	m	single	1.3	0.9	b8e909b2ad
MAR06412	m	single	-9.3	1.5	b074668d20
MAR06413	m	single	3.0	1.8	113fc9d6f2
MAR06414	m	single	-7.9	2.8	422696443a
MAR06415	m	single	-9.4	1.6	ab5ccd1d5e
MAR06416	m	single	-0.2	1.8	67dc14f39c
MAR06417	m	single	-3.0	1.6	6055a2a8e9
MAR06418	m	single+proxy	0.0	0.0	cb837e6b12
MAR06419	m	single	-0.2	1.8	19c85aaf89
MAR06420	m	single	-3.0	1.6	21bc900d13
MAR06421	m	single	-0.2	1.8	25c6f8e287
MAR06422	m	single	-3.0	1.6	8af8b1cb21
MAR06423	c	single	0.0	100000.0	4889d9ee44
MAR06434	m	single	-74.5	3.4	12b9d92da5
MAR06442	r	single	-374.2	3.1	0c7825e3ff
MAR06444	r	single	-895.3	6.3	470929c5d8
MAR06447	m	single	-74.5	3.4	2eefac85f4
MAR06450	m	single	-74.5	3.4	733ca87fbd
MAR06461	c	single	-17.4	100000.0	b7f043d634
MAR06465	r	single	-374.2	3.1	4bdc2504f8
MAR06467	r	single	-895.3	6.3	ff8e62e553
MAR06477	r	single	-374.2	3.1	408dfedaa9
MAR06483	x	single+proxy	-11.1	1.9	abf934d068
MAR06490	c	single	-52.1	4.3	84b7ff2d94
MAR06492	c	single	11.8	4.1	d64bfa60c2
MAR06506	c	single	-11.6	2.9	cefe0da62e
MAR06507	c	single	-33.7	2.9	20996e5172
MAR06508	c	single	-11.4	3.9	bd4f8e08aa
MAR06509	c	single	-45.5	3.9	3226df1905
MAR06515	c	single	2.6	100000.0	8c78192dd9
MAR06519	c	single	17.4	1.0	ed18c66dfa
MAR06535	c	single	-59.1	100000.0	a0a9127df4
MAR06537	c	single	-15.2	1.1	d123abc9bc
MAR06539	c	single	-383.4	8.0	2f5f94a029
MAR06540	c	single	-40.1	1.4	6fb1c3aaa9
MAR06560	c	single	-28.7	1.4	849ec2b4f7
MAR06561	c	single	-35.2	1.4	5b1af99e25
MAR06562	c	single	-40.1	1.4	51373f200b
MAR06563	c	single	-23.1	1.4	dc35665a7a
MAR06564	c	single	-22.2	1.4	91e209b026
MAR06565	c	single	-22.2	1.4	65b67cd815
MAR06566	c	single	-23.1	1.4	4a1a48f84c
MAR06567	c	single	-23.1	1.4	76c9bdfd7e
MAR06568	c	single	-29.6	1.4	c901530c52
MAR06569	c	single	-28.7	1.4	4dc9cb9103
MAR06570	c	single	-35.2	1.4	2222b27bc6
MAR06571	c	single	-40.1	1.4	abd60aa45f
MAR06572	c	single	-59.6	7.5	27c4b9bd45
MAR06573	c	single	-23.1	1.4	3d65ab4c55
MAR06574	c	single	-29.6	1.4	95262aca90
MAR06575	c	single	29.6	1.4	878a331c36
MAR06576	c	single	-36.1	1.4	2692197e4a
MAR06598	c	single	-2.8	1.7	d20b3446d5
MAR06600	m	single	2.8	1.7	7ce6c49f6e
MAR06601	c	single	-15.1	2.9	bf37ead4dc
MAR06602	c	single	-411.4	100009.0	7571059323
MAR06603	e	single	-412.3	100009.0	32f7f7053d
MAR06604	ce	multi	-11.6	1.5	59a438298b
MAR06609	c	single	-56.9	9.6	2445320dfb
MAR06610	c	single	72.1	31407.2	c844de5762
MAR06611	c	single	-184.1	31410.7	cf962aecee
MAR06612	m	single	4.2	3.3	040e9b4795
MAR06613	n	single	3.9	3.3	df5ba8c10e
MAR06614	c	single	2.3	2.4	8a1d762717
MAR06615	m	single	2.3	2.4	6077590bd5
MAR06616	n	single	2.3	2.4	0d040882cb
MAR06623	c	single	-16.4	1.8	1d12954181
MAR06624	m	single	-21.1	1.8	92bc24e5ca
MAR06625	m	single	-19.7	1.2	258454e38e
MAR06626	m	single	-29.7	1.2	32e507de57
MAR06627	c	single	-26.5	2.7	2b506b61f3
MAR06630	c	single	9.6	1.7	7a536ca8d9
MAR06631	c	single	9.7	1.7	a4ef3669ff
MAR06632	r	single	9.6	1.7	0d275548dd
MAR06633	r	single	9.7	1.7	c1889cb8d0
MAR06638	c	single	-30.1	3.1	cc2cd2afbd
MAR06640	c	single	-32.6	3.2	65901029f8
MAR06641	c	single+proxy	-400.5	4.1	815250acb9
MAR06642	r	single+proxy	-400.5	4.1	b2d9c4e0e9
MAR06643	c	single	-12.7	2.2	9ac6f399b9
MAR06644	c	single	-19.4	1.0	95eb2b63fc
MAR06645	c	single	-12.7	2.2	5557d2cc69
MAR06646	c	single	-43.5	2.6	07d61b2131
MAR06647	r	single	-43.5	2.6	1bee09b366
MAR06650	r	single	-3.0	2.1	47ca4a090e
MAR06651	c	single	7.7	2.9	837acd0925
MAR06652	r	single	-40.5	1.1	f205542afe
MAR06653	c	single+proxy	-387.7	3.3	5c847e3b8d
MAR06654	r	single+proxy	-387.7	3.3	100a5c2903
MAR06655	c	single+proxy	-439.4	3.6	7cfc52bb6e
MAR06656	r	single+proxy	-439.4	3.6	1f7b91dc27
MAR06657	c	single	-374.2	3.1	e5b6a3a2be
MAR06658	r	single	-374.2	3.1	b46e864fdd
MAR06659	c	single	0.0	0.0	7bcb255281
MAR06660	r	single	0.0	0.0	87acb7e0a2
MAR06661	c	single	0.0	0.0	0d35db1190
MAR06662	r	single	0.0	0.0	2360a80b27
MAR06663	c	single	0.0	0.0	e2f35e24a7
MAR06664	c	single	-387.7	3.3	b640f06fc8
MAR06665	r	single	-387.7	3.3	8e1261870e
MAR06666	c	single	4.1	2.6	97d48db37f
MAR06667	r	single	4.1	2.6	9ca5c946bb
MAR06671	c	single	-7.5	2.2	bdd2dd116f
MAR06672	c	single	3.0	2.1	8a9bf5d1a4
MAR06673	r	single	3.0	2.1	0bc0d69d17
MAR06674	r	single	-40.5	1.1	c17e87086a
MAR06675	c	single	-40.5	1.1	2d579bb376
MAR06676	r	single	-40.5	1.1	e769133324
MAR06677	c	single+proxy	-387.7	3.3	a5c43bbff1
MAR06678	r	single+proxy	-387.7	3.3	0149451846
MAR06679	c	single	4.1	2.6	f1e4da2eff
MAR06681	c	single+proxy	-387.7	3.3	241814fe8a
MAR06682	r	single+proxy	-387.7	3.3	ff62d0ab49
MAR06683	c	single+proxy	-308.4	200011.1	5b98f780ec
MAR06684	r	single+proxy	-308.4	200011.1	57b28732aa
MAR06694	c	single+proxy	0.0	0.0	a1c7c2b836
MAR06695	c	single+proxy	0.0	0.0	a57736ecbd
MAR06697	c	single+proxy	0.0	0.0	70ef8906d1
MAR06699	c	single+proxy	0.0	0.0	c92409ae6a
MAR06700	c	single	-387.7	3.3	3a7e5af676
MAR06701	r	single	-387.7	3.3	f7ad13cd3a
MAR06702	c	single	-439.4	3.6	81b983ed15
MAR06703	r	single	-439.4	3.6	bcd329a6d6
MAR06707	c	single	-52.0	5.7	ce388759e0
MAR06708	c	single	-75.5	12.7	230866072d
MAR06709	c	single	39.7	8.5	63929a4b78
MAR06711	c	single	6.2	100007.1	f8f4b83d93
MAR06712	c	single	-76.4	10.3	60e049c92c
MAR06713	c	single	-110.6	4.6	b24c71e72b
MAR06714	c	single	-40.5	1.1	6962e31da4
MAR06715	c	single	45.7	100006.1	79ff5183e3
MAR06716	c	single	-310.1	6.6	0a48a8203b
MAR06717	c	single	-51.5	5.6	beffa440c1
MAR06718	c	single	-37.2	3.1	b57394b155
MAR06719	c	single	-223.4	6.9	88a1dbbf6a
MAR06725	c	single	-0.1	2.1	fee5525281
MAR06726	c	single	-506.4	6.2	b21bae97d5
MAR06727	c	single	5.7	2.9	e58d8000a4
MAR06728	c	single	15.2	100000.0	4dc9710ba0
MAR06730	c	single	-8.8	100004.3	0a8834e5d6
MAR06731	c	single	-37.3	3.1	5b465cbffb
MAR06734	c	single	57.2	10.3	7906fab0df
MAR06735	c	single	-8.7	100004.3	bbc3e65958
MAR06736	c	single	-23.2	100012.7	9bdb742234
MAR06741	c	single	-382.0	3.4	74d6261688
MAR06743	c	single	6.2	100007.1	62d97a039b
MAR06745	c	single	-99.0	6.9	094f95c5b0
MAR06746	c	single	-8.8	100004.3	28b5aaeeb6
MAR06747	c	single	-99.0	6.9	e4cda4d62f
MAR06748	c	single	-40.5	1.1	b69ddaab98
MAR06749	c	single	-40.6	1.1	db8b9125b2
MAR06750	c	single	-8.8	100004.3	f32edcd5a2
MAR06751	c	single	-110.6	4.6	733b256542
MAR06752	c	single	-110.6	4.6	56b5c84bbd
MAR06753	c	single	-40.6	1.1	09388632c6
MAR06754	c	single	-40.6	1.1	20aa008795
MAR06755	c	single	-8.7	100004.3	cd4c830631
MAR06756	c	single	-19.4	1.0	241c1b4115
MAR06757	c	single	-8.8	100004.3	5c82d854ec
MAR06758	c	single	-110.6	4.6	a9903d9145
MAR06759	c	single	-57.0	10.2	8a71997e49
MAR06760	c	single	-40.6	1.1	c53d89ae43
MAR06761	c	single	-40.6	1.1	a804aee053
MAR06762	c	single	-8.7	100004.3	ef2910819c
MAR06763	c	single	-8.8	100004.3	a5e4ffeef4
MAR06764	c	single	-110.6	4.6	a1e486ced4
MAR06765	c	single	-71.6	9.4	c2e1b8aaaf
MAR06766	c	single	-40.5	1.1	642e3233be
MAR06767	c	single	-40.6	1.1	e4eb891588
MAR06768	c	single	0.4	2.1	d3cdbc417d
MAR06770	c	single	-112.7	4.7	289e004924
MAR06771	c	single	-57.6	4.8	4877a130a0
MAR06772	c	single	-549.4	7.1	97e1d7ae58
MAR06774	c	single	-245.0	5.7	a51c8feae3
MAR06776	c	single	-0.0	0.0	1e322db5fb
MAR06777	x	single	-39.3	1.4	1f4fc75a87
MAR06778	c	single	-91.7	3.8	1e6bb9fe7f
MAR06779	cx	multi	-90.6	1.5	adee2dac9a
MAR06780	m	single	0.2	2.1	0b1a1bcab0
MAR06782	c	single	-75.0	4.6	2e3bd28827
MAR06783	c	single	-0.4	1.5	9c625fc4c6
MAR06784	c	single	-11.9	1.5	47196ba697
MAR06785	c	single	-13.6	1.9	61d9bb4a56
MAR06786	c	single	-43.6	1.4	edb2b26a1e
MAR06787	c	single	-86.5	5.1	99f010a76a
MAR06788	c	single	6.2	100007.1	0402363839
MAR06789	c	single	-110.6	4.6	cbd81166b6
MAR06790	c	single	-40.6	1.1	e99a5c6871
MAR06791	c	single	-40.6	1.1	dfa4dd267a
MAR06793	c	single	-43.0	100000.0	5b36cca154
MAR06794	c	single	-44.9	100000.0	7d64de41a8
MAR06795	c	single	-237.3	5.2	18383a2240
MAR06796	c	single	-237.8	5.2	1ac44e1c6e
MAR06798	c	single+proxy	-50.3	4.3	ec4ef8e71d
MAR06799	r	single+proxy	-50.3	4.3	aee9f98c4c
MAR06800	c	single+proxy	-48.6	4.3	7fe7fc78d9
MAR06801	r	single+proxy	-48.6	4.3	f1fa9c07dd
MAR06802	c	single	-14.0	141427.8	a9eda57552
MAR06804	c	single	-16.4	1.5	5e183a1516
MAR06807	c	single	-76.4	10.3	737413ae09
MAR06808	c	single	-250.6	7.7	04369c81a0
MAR06809	x	single	3.7	1.7	e40a70c026
MAR06810	x	single	-39.3	1.4	6c289968a8
MAR06826	c	single	12.1	100000.0	2d41121425
MAR06827	r	single	12.1	100000.0	559609d648
MAR06829	c	single	-288.2	70714.1	09c31555f4
MAR06831	c	single	180.3	70714.7	5a3b6186f7
MAR06832	x	single	3.7	1.7	e0c039c9fc
MAR06833	c	single	-16.4	1.5	87eb3d5ae5
MAR06834	c	single	10.5	100000.0	a0bb0ec2a7
MAR06835	r	single	10.5	100000.0	e2103e234b
MAR06836	c	single	48.6	4.3	3b675a2a9a
MAR06837	r	single	-48.6	4.3	193330f3b0
MAR06838	c	single	-286.6	70714.1	78af07ac5a
MAR06839	c	single	178.7	70714.7	fe18d75c00
MAR06840	c	single	13.7	100000.0	c3684c6673
MAR06841	r	single	13.7	100000.0	fd080843e6
MAR06844	c	single	-286.6	70714.1	c1c85dfa53
MAR06845	c	single	178.7	70714.7	cd48893ac1
MAR06846	c	single	-13.0	1.4	ee7a5f4ede
MAR06847	x	single	2.2	3.0	15c799ea6d
MAR06848	c	single	-10.3	100000.0	3818a7ef42
MAR06849	r	single	-10.3	100000.0	077bd1db0d
MAR06852	x	single	-42.7	1.4	967cf674bd
MAR06854	c	single	10.5	100000.0	e3377d59d2
MAR06855	r	single	10.5	100000.0	7a2ff5b11a
MAR06861	c	single	-18.7	3.8	15e633c1ff
MAR06874	c	single	-418.4	8.6	e8305097d4
MAR06875	c	single	-64.0	10.0	2bdd878411
MAR06876	c	single	-338.8	62812.2	fb0e458fba
MAR06877	c	single	-23.6	8.3	d56cc67b6a
MAR06888	c	single	299.0	62815.1	b523ff96ec
MAR06889	c	single	0.3	100000.0	976e68c3c3
MAR06898	c	single	-16.7	4.0	3f9f47e1e7
MAR06901	c	single	-555.3	20.6	39bbeca825
MAR06903	m	single	-87.6	2.8	a4af3b4b6d
MAR06904	m	single	-419.9	3.8	5dbe115547
MAR06905	m	single	-13.1	100004.3	26616cd87f
MAR06906	m	single	-22.0	3.3	d33b71c2fc
MAR06907	m	single	-419.7	3.8	60ddef5595
MAR06908	m	single	-28.5	100005.9	4a64134ad0
MAR06909	m	single	-419.7	3.8	212de31493
MAR06910	m	single	-13.4	100004.3	bd3869c7b2
MAR06912	m	single	-33.4	0.2	6b8169ee90
MAR06915	c	single	-0.6	7.2	834af172cd
MAR06923	c	single	0.3	1.6	ad68199244
MAR06924	c	single	-451.6	5.0	ea7197f21c
MAR06925	c	single	-18.7	2.7	1656fb2735
MAR06926	m	single	16.2	1.5	f32d053af6
MAR06927	m	single	-45.0	1.4	91afc056eb
MAR06929	c	single	22.7	1.8	6ac5972b93
MAR06930	x	single	22.7	1.8	b3f6a49f08
MAR06938	c	single	21.4	1.8	e34f17b298
MAR06939	x	single	20.0	1.8	d850c508c2
MAR06940	c	single	21.4	1.8	952b84d628
MAR06944	c	single	-107.4	4.6	12ffaab110
MAR06945	e	single	-107.5	4.6	6d52248a8c
MAR06955	m	single	30.3	10.9	c4f500189c
MAR06956	c	single	18.6	1.8	b5fe649697
MAR06957	x	single	16.9	1.8	ea2440438d
MAR06958	c	single	-103.7	5.9	fadabe7c09
MAR06960	c	single	23.0	1.8	bb13f77922
MAR06961	c	single	-106.5	5.9	29e635219d
MAR06963	c	single	-106.5	5.9	1a6162e1c7
MAR06965	c	single	260.6	66082.5	847ac7feed
MAR06966	c	single	-258.5	66088.2	163a1168fa
MAR06967	c	single	-0.7	2.3	a086b7afc4
MAR06968	m	single	28.2	4.3	cf95e433a3
MAR06969	c	single	-26.6	4.3	365553ccfb
MAR06970	c	single	-11.0	3.8	e30eca7ada
MAR06971	c	single	43.5	2.7	e45381be43
MAR06979	c	single	-450.7	4.6	cc6b1b2df2
MAR06980	c	single	-17.4	2.0	a569f5eee5
MAR06981	c	single	-38.9	1.1	3c8568ebc3
MAR06982	c	single	-451.4	4.8	81f57666c0
MAR06988	c	single	119.6	100000.0	1328233598
MAR06992	c	single	64.8	100000.0	aa72ca139f
MAR06993	c	single	64.8	100000.0	699f7d68d4
MAR06994	c	single	64.8	100000.0	db4c853254
MAR06995	c	single	-17.1	100000.0	19cff0db18
MAR06996	c	single	-0.0	100000.0	3376832c57
MAR06997	c	single	-0.0	100000.0	f02d18efd3
MAR06998	c	single	-4.2	2.7	e42e5928e9
MAR06999	c	single	64.8	100000.0	8353983d86
MAR07000	c	single	64.8	100000.0	13f78ff431
MAR07001	c	single	-700.1	62808.0	b26726f31d
MAR07002	c	single	-700.1	62808.0	0c2fbc35a9
MAR07003	c	single	370.5	62806.5	1f0e32d54a
MAR07004	c	single	374.7	62806.4	17d0164cd4
MAR07005	c	single	-86.4	8.0	e7333fc801
MAR07007	c	single	64.8	100000.0	2a2a338a33
MAR07008	c	single	275.7	62806.9	6474911fef
MAR07009	c	single	-424.3	3.8	49f4db498a
MAR07011	c	single	275.7	62806.9	c49ca05d90
MAR07012	c	single	-424.4	3.8	377678568a
MAR07013	c	single	370.5	62806.5	800280c14a
MAR07014	c	single	374.7	62806.4	c1414f84d7
MAR07015	c	single	275.7	62806.9	97f9d0ad9a
MAR07016	c	single	275.7	62806.9	ce41dc42bb
MAR07017	c	single	-387.7	3.3	af13baf013
MAR07018	c	single	-213.9	31403.9	7e5a7f785e
MAR07019	c	single	-736.0	62807.6	eaa0594a18
MAR07020	c	single	-736.0	62807.6	392de3f1df
MAR07021	c	single	-736.0	62807.6	2a449713ef
MAR07022	c	single	370.5	62806.5	c0fef51d23
MAR07023	c	single	374.7	62806.4	59aad51ced
MAR07029	c	single	-42.7	100000.0	7738bf5b48
MAR07030	c	single	-400.2	6.4	699187e157
MAR07031	c	single	0.0	100000.0	9884697289
MAR07032	c	single	10.0	100000.0	63e47f8790
MAR07033	c	single	-403.5	5.0	191a6c457e
MAR07034	c	single	-0.0	100000.0	67ab984e18
MAR07035	c	single	-86.7	100000.0	92a62a8a97
MAR07036	c	single	-895.3	6.3	5ec7947ec0
MAR07037	c	single	-12.1	100000.0	1ccb66b958
MAR07038	c	single	44.1	100000.0	db52963a38
MAR07039	c	single	-21.1	2.2	2d7255492c
MAR07040	c	single	-750.8	118093.6	95be4d3e5b
MAR07041	c	single	370.5	62806.5	3932e02893
MAR07042	c	single	374.7	62806.4	24173c58fe
MAR07043	c	single	326.4	118092.3	e84695173b
MAR07044	c	single	-739.6	118092.3	3f653d923d
MAR07045	c	single	315.2	118091.1	fc25dab091
MAR07048	c	single	-750.8	118093.6	4cde9efe18
MAR07049	c	single	-326.0	118092.3	1375ec19a2
MAR07050	c	single	370.5	62806.5	0abd95956a
MAR07051	c	single	374.7	62806.4	ae72e8ccc4
MAR07053	c	single	-374.2	3.1	b117e8cf0e
MAR07054	c	single	64.8	100000.0	a705aefdca
MAR07057	c	single	-259.0	70714.4	4035e64e70
MAR07058	c	single	-0.0	100000.0	dac62b98f0
MAR07059	c	single	47.7	100000.0	2ed7a608d7
MAR07060	c	single	64.8	100000.0	89d3568a88
MAR07061	c	single	64.8	100000.0	8047ffcc7a
MAR07062	c	single	64.8	100000.0	9102f072f0
MAR07063	c	single	64.8	100000.0	6ecd74e8a2
MAR07064	c	single	64.8	100000.0	dcdb29629b
MAR07065	c	single	-0.9	100000.0	e47f15e772
MAR07066	c	single	41.8	100000.0	2836ee39d4
MAR07067	c	single	64.8	100000.0	201660957b
MAR07068	c	single	-17.1	100000.0	5ce1f2d65c
MAR07069	c	single	-17.1	100000.0	a7ef577fe3
MAR07071	c	single	-17.1	100000.0	1653bc8f0b
MAR07072	c	single	-477.6	3.1	5d3a8b028c
MAR07073	c	single	-17.1	100000.0	925333e60c
MAR07074	c	single	-494.3	4.3	d831f426e6
MAR07075	c	single	-17.1	100000.0	8bf2795140
MAR07077	c	single	-17.1	100000.0	5496dc9a25
MAR07078	c	single	64.8	100000.0	394b0c8353
MAR07079	c	single	17.1	100000.0	db0c22f4f0
MAR07080	c	single	17.2	100000.0	35c8835767
MAR07081	c	single	-0.0	100000.0	3cb4ad3eb8
MAR07082	c	single	64.8	100000.0	8085adb9be
MAR07083	c	single	17.2	100000.0	4705b596bf
MAR07084	c	single	17.2	100000.0	ba51505625
MAR07088	c	single	-423.2	5.0	47e002c554
MAR07089	c	single	25.6	2.4	2118449a18
MAR07090	c	single	-0.0	100000.0	ca3b84b1c5
MAR07091	c	single	-386.4	6.3	4d2e747bc6
MAR07092	c	single	-42.7	100000.0	9d6a47d633
MAR07093	c	single	-44.2	100000.0	031b7325d7
MAR07094	c	single	-104.2	100000.0	c62624dcb4
MAR07095	c	single	-48.5	1.8	25eba869b6
MAR07096	c	single	64.8	100000.0	83e73506bb
MAR07097	c	single	-42.7	100000.0	e881389f08
MAR07098	c	single	-102.5	100000.0	7f55cf81eb
MAR07099	c	single	5.0	100000.0	6986b6c64c
MAR07100	c	single	-42.7	100000.0	51a87adc1a
MAR07103	c	single	-59.8	100000.0	06482fa0be
MAR07104	c	single	65.4	100005.5	ad5f10d0a3
MAR07128	c	single	-1.5	100000.0	5fd7bb44cd
MAR07129	c	single	-43.0	100000.0	e2c233d686
MAR07130	c	single	-61.2	100000.0	37dd80b3ce
MAR07131	c	single	187.6	100000.0	9e06442567
MAR07132	c	single	-139.6	100000.0	960fac2ce3
MAR07133	c	single	61.2	100000.0	b8fd3c7a40
MAR07134	c	single	-35.9	100000.0	1e856f9df5
MAR07135	c	single	-16.9	100000.0	3060b53b97
MAR07136	c	single	-17.1	100000.0	ed3b445aa6
MAR07137	c	single	-35.9	100000.0	0ec4a35d98
MAR07138	c	single	64.8	100000.0	4dde6c2e01
MAR07139	c	single	-65.3	100000.0	24c96c3591
MAR07140	c	single	41.1	100000.0	68c7a978a9
MAR07141	c	single	-35.8	100000.0	8f6c667f41
MAR07142	e	single	-54.1	3.3	fc66d00cc4
MAR07143	c	single	-52.2	3.3	5106365ec7
MAR07144	c	single	-42.0	3.8	9683fbe843
MAR07145	c	single	-61.7	100000.0	13ecdedc58
MAR07146	c	single	328.7	100000.0	9a329c1a0b
MAR07147	c	single	-1.4	100000.0	f89909a267
MAR07149	c	single	-27.7	6.1	f774feb870
MAR07152	ce	multi	-16.9	2.1	157b4c6bab
MAR07156	ce	multi	-11.6	1.5	21b22b44ce
MAR07157	ce	multi	-11.8	6.4	99dd932a00
MAR07170	c	single	-87.4	6.4	c552ad55f6
MAR07193	c	single	11.2	8.1	d4d87ab03f
MAR07428	l	single+proxy	-54.7	4.0	ff52451d18
MAR07429	l	single+proxy	-28.9	2.5	72eeac0e4c
MAR07568	ce	multi	-105.1	5.4	ac41a06915
MAR07573	l	single	20.5	4.0	508d375971
MAR07626	c	single	-29.1	4.9	8311898ca0
MAR07627	c	single	-42.0	3.5	017ff909fd
MAR07628	c	single	-470.3	6.0	8ff60f9716
MAR07642	c	single	0.0	1.0	0fbbd11347
MAR07648	r	single	-47.6	4.4	b3fd281b0c
MAR07652	c	single	8.3	1.3	6ebce61cbd
MAR07654	n	single	-53.6	1.3	8b6994df54
MAR07655	c	single	-53.6	1.3	a98bab8269
MAR07656	c	single	-2.4	5.5	74b1c24f4f
MAR07661	c	single	-12.9	2.2	f9bd3464d8
MAR07662	n	single	-12.9	2.2	a8a1dae258
MAR07663	e	single	-13.0	2.2	828abe09d3
MAR07668	c	single	1166.2	100003.2	14beb3ec0d
MAR07674	g	single	-9.2	2.2	3e47ad04bc
MAR07676	c	single	45.5	100006.3	52d15ec6f0
MAR07677	c	single	-113.6	6.2	f87daa4125
MAR07678	c	single	-113.6	6.2	ad4ce6a32d
MAR07688	c	single	-43.5	100000.0	49ce2362cd
MAR07689	c	single	-286.8	70714.1	93f3319fec
MAR07696	c	single	1.5	2.9	8e894175e4
MAR07697	c	single	-47.5	3.0	29125db215
MAR07698	c	single	-2.2	1.9	ac3cc9deea
MAR07701	c	single	-131.1	4.2	c8cfe229d2
MAR07702	c	single	-42.9	0.9	501e2bd2fa
MAR07703	c	single	-88.3	4.3	128495b23f
MAR07709	m	single	3.7	2.9	c91df021c5
MAR07713	l	single	-34.9	1.4	81741b27da
MAR07716	l	single	-30.3	4.2	5c7582ccd0
MAR07717	m	single	-24.9	4.2	ecf74032f6
MAR07721	l	single	-34.9	2.8	738e872a28
MAR07725	l	single	-31.4	3.0	4b0cec3115
MAR07728	l	single	-28.0	3.4	1a4a0e29ca
MAR07731	l	single	-60.4	2.9	d8f499cd86
MAR07744	c	single	16.5	2.6	30f6f5a501
MAR07745	c	single	-1.6	1.3	80c6163b6c
MAR07747	c	single	-18.9	0.5	e87d53e7d6
MAR07754	c	single	-10.8	1.9	06950f9235
MAR07755	e	single	-14.4	2.2	80fdef9068
MAR07756	c	single	-30.0	2.5	b2a599b055
MAR07794	n	single	-33.8	0.2	7d05d6540d
MAR07800	c	single	-2.8	1.3	6c71820c24
MAR07801	m	single	-3.1	1.3	8a229db472
MAR07802	c	single	-0.7	1.5	a0ef2752cc
MAR07803	c	single	-15.4	2.6	9ee0624e23
MAR07807	ce	multi	-11.6	1.5	eb4f29b53e
MAR07813	r	single	4.1	2.6	309fec0a34
MAR07817	e	single	-67.6	100006.0	061abf763e
MAR07863	c	single	1.1	3.9	aee085edfd
MAR07864	n	single	1.1	3.9	1e3773b5c1
MAR07865	c	single	0.8	2.9	c6635a65fe
MAR07866	n	single	0.8	2.9	a99e15af03
MAR07867	c	single	-1.9	3.5	638f000f4d
MAR07868	n	single	-1.9	3.5	92c48dbd9b
MAR07869	c	single	3.3	3.5	f31b3d85d7
MAR07870	n	single	3.3	3.5	ebf5370e5f
MAR07871	c	single	5.0	4.0	91a3c1c3ca
MAR07872	n	single	5.0	4.0	03516da769
MAR07873	c	single	2.7	4.0	bf984aece1
MAR07874	n	single	2.7	4.0	94eec35672
MAR07875	m	single	0.4	3.2	96446a99dc
MAR07876	n	single	0.9	3.2	b5940c14f4
MAR07878	c	single	-5.9	1.3	5d2f9e9ae0
MAR07879	c	single	-66.9	2.6	a3011a8117
MAR07880	c	single	-34.4	2.4	48b3da9e7d
MAR07881	n	single	-5.9	1.3	15e76916b7
MAR07882	n	single	2.7	1.3	74221bcff5
MAR07883	m	single	1.3	1.3	241f0444e9
MAR07884	n	single	0.0	1.3	6965c7c3a1
MAR07885	n	single	-0.3	2.3	df92451c8d
MAR07886	m	single	-0.1	2.6	b8ee09a277
MAR07887	n	single	-0.1	2.6	f19a065aa5
MAR07888	n	single	-1.9	2.4	907fa65a60
MAR07889	n	single	1.5	1.3	e251c9757d
MAR07890	m	single	-4.0	2.4	85cf093e85
MAR07891	n	single	-4.1	2.4	20964163da
MAR07892	n	single	-2.4	1.5	14be352a1a
MAR07893	n	single	-1.3	1.5	7ae56db6e0
MAR07894	m	single	-5.9	1.3	18deb8e9ab
MAR07895	m	single	-1.3	1.5	4ab9d80dc0
MAR07928	r	single	-374.2	3.1	293b1c00de
MAR07930	c	single	-2.3	1.6	3bc0cd4927
MAR07931	r	single	-2.3	1.6	7bfcfbc2ea
MAR07932	r	single	-374.2	3.1	496f1c3857
MAR07934	m	single	-738.0	6.2	7768d1bd40
MAR07935	m	single	-748.8	6.1	3244df8137
MAR07936	r	single	-241.7	2.7	2b5220af66
MAR07937	r	single	-391.0	3.4	68a0dc1311
MAR07938	r	single	-240.0	2.6	4e1782796b
MAR07939	r	single	-2.3	1.6	23115d712c
MAR07940	r	single	-697.8	104825.5	534e002ad3
MAR07941	r	single	-700.1	104825.5	d9045a32a6
MAR07942	r	single	2.4	1.6	9faa8b7ab1
MAR07943	r	single	2.3	1.6	d3630fc599
MAR07945	r	single	183.3	70714.9	72e9a6d91a
MAR07948	r	single	141.9	70714.9	4364ab305e
MAR07950	r	single	141.9	70714.9	3e475cdc6c
MAR07952	r	single	141.9	70714.9	843ea92308
MAR07954	r	single	-0.6	0.9	2e52206435
MAR07955	r	single	-1.0	0.8	39c7fba0b9
MAR07957	r	single	-372.6	3.3	1e57d868b5
MAR07958	r	single	-386.0	3.5	858444dbd6
MAR07959	r	single	-10.2	2.2	9cf3a3176b
MAR07962	r	single	-53.3	4.5	361489e2e1
MAR07965	r	single	-11.8	2.1	28dfef90bd
MAR07968	r	single	-3.3	1.5	158b3802fe
MAR07970	r	single	-590.2	9.6	7b4de8ee4d
MAR07971	r	single	-67.8	8.7	9d8889f03d
MAR07972	r	single	-67.7	8.7	3872688607
MAR07973	c	single	-2.3	1.6	be451e1519
MAR07974	c	single	-249.8	70714.2	eeb4a9a5b2
MAR07976	c	single	-17.4	1.0	6d6786cb7b
MAR07978	c	single	-248.1	70714.3	b7565e400f
MAR07980	r	single	-11.8	2.1	bed92e7a1a
MAR07984	r	single	-11.8	2.1	dbfda64ab5
MAR07987	r	single	-11.8	2.1	fea20728f0
MAR07991	c	single	-102.9	6.2	591055e91b
MAR07992	c	single	-111.2	5.1	0dc72ca2de
MAR07993	c	single	-43.1	6.0	ed7a784699
MAR07996	m	single	-378.1	3.1	a903a70c99
MAR07999	m	single+proxy	-378.1	3.1	323862b41a
MAR08003	m	single+proxy	-383.1	3.3	c69b484b13
MAR08004	m	single	-383.1	3.3	944ef10195
MAR08005	m	single	-378.1	3.1	b46253a69d
MAR08006	m	single	-383.1	3.3	f42715d301
MAR08008	m	single	-383.1	3.3	fc602487c7
MAR08011	c	single	-548.4	137392.6	7fa139b305
MAR08012	c	single	548.4	137392.6	e26f65dd37
MAR08013	c	single	0.0	0.0	c7680074bf
MAR08014	c	single	20.1	2.4	5d69ff1c3a
MAR08018	x	single	-46.9	8.7	be5db2e165
MAR08019	x	single	-21.9	1.2	f339a27b07
MAR08032	c	single	-387.7	3.3	7a54fff219
MAR08034	c	single	65.3	100000.0	ae12ee4111
MAR08036	c	single	-374.2	3.1	2dc9d29efd
MAR08037	c	single	-374.2	3.1	b78cae5d49
MAR08038	c	single	-371.7	6.7	4e56974092
MAR08040	c	single	-425.2	3.8	f37dfb25ed
MAR08043	c	single	39.1	100000.0	3b74368f80
MAR08046	c	single	64.8	100000.0	5da2f4579d
MAR08049	c	single	-387.7	3.3	a28c2bfeb6
MAR08052	c	single	-374.3	3.1	fcfdd072e5
MAR08062	c	single	-354.1	70714.3	731088b090
MAR08063	c	single	-1496.9	244956.2	f82a677516
MAR08064	m	single	-1497.7	244956.2	4a238cdab0
MAR08065	c	single	-35.5	3.1	e112354bd2
MAR08066	c	single	9.3	1.9	697d9f1e6f
MAR08067	m	single	8.5	1.9	996452a3cb
MAR08068	c	single	17.4	1.0	c2f4daee05
MAR08069	m	single	12.7	1.0	76fcc3988b
MAR08072	c	single	-49.1	2.4	9a4192b5d9
MAR08074	c	single	-24.1	2.0	fb350c2895
MAR08078	c	single	-38.7	3.3	66f84753ec
MAR08083	n	single	-34.3	3.2	ca8374b985
MAR08085	g	single	-31.1	3.2	73e46dd24e
MAR08087	g	single	-38.8	1.1	47e1d4034f
MAR08088	m	single	-0.9	2.0	91fec739fe
MAR08091	c	single	-37.2	3.1	2be6e2da2f
MAR08092	c	single	-223.4	6.9	d9fd44b746
MAR08094	c	single	-286.8	70714.1	f6fc8bc2f9
MAR08096	m	single	48.0	5.2	7ef5bc5cad
MAR08097	m	single	-49.6	1.1	2881b2993e
MAR08098	m	single	-12.9	2.6	a8afe5820c
MAR08102	c	single	-172.5	4.5	e05edbc703
MAR08143	c	single	-90.3	7.6	b5aa1cffda
MAR08144	c	single	-8.0	1.1	9a3fb43112
MAR08204	e	single	-40.5	5.1	b134371742
MAR08218	r	single	-54.7	1.8	cff9b5bf63
MAR08233	r	single	-35.3	1.2	0e4dff6fdd
MAR08235	r	single	-35.4	1.2	9f29da2b38
MAR08237	r	single	-16.1	1.8	e6875d31a8
MAR08238	r	single	-117.2	6.4	f2854a0edb
MAR08246	c	single	-271.8	70714.3	47a9c3afad
MAR08274	m	single	-1.8	2.9	dfe6e2eade
MAR08341	c	single	-13.8	1.5	b7890cabf1
MAR08342	c	single	-28.9	2.6	8dac54e2a1
MAR08344	r	single	-15.2	1.1	0e285dbd89
MAR08345	r	single	-26.7	2.3	6283d93794
MAR08346	r	single	-22.6	2.3	7f8c6a9c17
MAR08348	c	single	-19.4	1.0	a2d1b10eb3
MAR08349	c	single	-64.7	2.9	88f96d707b
MAR08352	c	single	-17.4	1.0	d24be6beb7
MAR08353	c	single	-17.5	3.9	656336526c
MAR08357	m	single	-61.4	1.3	3703c6c030
MAR08360	x	single	-286.1	3.2	2358c3a453
MAR08362	n	single	9.9	1.0	21f46490de
MAR08366	c	single	-3.7	1.4	b4c000145a
MAR08367	c	single	-5.0	2.0	0ae3051ebd
MAR08368	c	single	-9.5	1.5	24aeb9e30f
MAR08371	c	single	-61.7	1.7	0ac34f0217
MAR08372	c	single	-32.8	1.9	5c21a849c7
MAR08373	c	single	10.4	1.4	0f97d0e566
MAR08377	c	single	227.7	70715.1	5a076497cb
MAR08409	e	single	87.7	100000.0	81d0368913
MAR08410	m	single	94.5	100000.0	7f89805b9b
MAR08413	n	single	85.5	100000.0	f6152aa2ad
MAR08415	x	single	83.3	100000.0	1221c245ba
MAR08416	m	single	-28.4	3.4	6e329246ce
MAR08417	m	single	-2.8	1.7	eda39bf457
MAR08419	c	single	-2.8	1.7	d472e243d8
MAR08421	e	single	-41.6	1.0	7489f35274
MAR08424	c	single	-25.7	0.4	c6606a54db
MAR08425	c	single	-24.1	3.5	c4b4a50c2e
MAR08426	m	single	-51.0	6.3	cb7f594bb6
MAR08427	m	single	-2.7	6.5	290e76e460
MAR08431	c	single	-54.6	6.5	921ffd95cd
MAR08440	m	single	-48.2	1.1	8899cb52f4
MAR08442	c	single	-17.9	5.5	3407577598
MAR08443	c	single	-48.5	1.4	a68ea28c5d
MAR08444	c	single	-44.3	3.3	9d84cdda22
MAR08445	m	single	-18.4	2.8	4ef9f41b2a
MAR08446	n	single	-32.0	1.1	ee05f9c758
MAR08448	c	single	0.3	3.8	ccdafb6ea2
MAR08449	n	single	0.3	3.8	6cf499ac92
MAR08450	c	single	0.6	3.8	a070238d52
MAR08451	n	single	0.6	3.8	a25718c880
MAR08452	c	single	2.9	4.8	60f494c07e
MAR08453	n	single	2.9	4.8	ef86f5aab0
MAR08454	c	single	1.1	3.3	8c845c9c34
MAR08455	n	single	1.1	3.3	d9f50ecc5d
MAR08456	c	single	-1.3	3.2	e48eac4fed
MAR08457	n	single	-1.3	3.2	65600b40b8
MAR08458	n	single	-1.6	2.9	26820ddec8
MAR08459	n	single	-1.3	2.9	d5af1da9c4
MAR08460	n	single	-1.0	3.7	8d71493794
MAR08461	c	single	-4.0	3.2	ded24abaeb
MAR08462	n	single	-4.0	3.2	3d59d7f510
MAR08463	c	single	-1.0	3.7	2f5bbec569
MAR08464	n	single	-4.3	3.2	5861d8ee5c
MAR08465	c	single	-1.3	4.8	be500db45b
MAR08466	n	single	-1.3	4.8	0f2a274cb1
MAR08467	c	single	-1.6	3.2	155401f2e9
MAR08468	n	single	-1.6	3.2	62db3eac56
MAR08469	c	single	0.8	3.3	19cabca662
MAR08470	n	single	0.8	3.3	86e1e343f7
MAR08471	c	single	2.5	3.8	a0a49d8bc9
MAR08472	n	single	2.5	3.8	a491b4e47d
MAR08473	e	single	-36.7	3.3	88338352d8
MAR08474	e	single	-92.8	0.6	629882e3d3
MAR08477	m	single	16.0	2.3	5e3986a581
MAR08478	n	single	11.7	2.3	e92399c24a
MAR08479	n	single	11.6	2.7	66691076d5
MAR08480	n	single	-38.3	2.0	ddc3869b8c
MAR08481	m	single	-2.9	3.3	c767878ea8
MAR08483	n	single	-56.2	2.6	167f9d7898
MAR08484	m	single	-27.0	1.9	33cdfeae2b
MAR08485	g	single	-41.1	3.2	fc1c4c0fda
MAR08486	c	single	8.3	1.3	9f587bcf9f
MAR08487	e	single	-25.5	4.2	764af1355a
MAR08488	c	single	-66.9	2.6	1ac1b589ff
MAR08489	c	single	-33.5	2.9	381d923c18
MAR08493	l	single	-38.0	2.3	f8f93503d3
MAR08494	l	single	-36.4	2.6	ad05979260
MAR08495	l	single	-34.5	2.3	848d352262
MAR08497	c	single	-17.7	1.7	107df44c56
MAR08498	c	single	-353.6	3.7	630b8c75cd
MAR08499	c	single	-419.3	3.6	d7dea9be4c
MAR08500	c	single	-23.2	1.7	39b3d68b4a
MAR08501	c	single	-15.7	1.7	3d7bbf5bbd
MAR08502	c	single	-9.4	1.9	bfda01175c
MAR08503	c	single	-43.0	1.5	a3fbe0e20f
MAR08504	c	single	-40.0	2.5	30f2abd791
MAR08506	m	single	-52.3	1.5	7f8efdd976
MAR08507	c	single	25.2	1.7	a0547e5db4
MAR08508	c	single	25.2	1.7	3c095a7758
MAR08509	c	single	-25.2	1.7	3295937ea4
MAR08511	m	single	-54.0	3.0	1852eedc46
MAR08516	c	single	-76.8	1.9	371658d001
MAR08517	c	single	-82.4	2.0	d93fea0790
MAR08529	c	single	-95.2	5.4	92a7545ee5
MAR08530	c	single	-24.3	4.4	b32c91ab9d
MAR08533	c	single	-1004.1	125630.5	6d36538420
MAR08534	c	single	-288.2	70714.1	b1e5b3f298
MAR08535	c	single	-286.8	70714.1	5f234d4915
MAR08537	c	single	-317.5	49657.1	38226fb010
MAR08538	c	single	-2.1	100000.0	69d150087f
MAR08539	c	single	-225.6	49656.1	573913883b
MAR08541	c	single	-510.2	10.8	cb111d595c
MAR08542	c	single	-326.5	14.4	2205f2ed58
MAR08545	c	single	17.1	100000.0	eb33224587
MAR08546	c	single	0.7	1.7	14e4e4331f
MAR08547	c	single	-17.7	2.3	3330609768
MAR08548	r	single	-19.1	2.4	e97865a5e4
MAR08549	c	single	-19.1	2.4	4bb7ac0ec9
MAR08550	r	single	17.5	4.1	9ef59f4b81
MAR08552	c	single	-17.8	2.3	ebd0ff99c9
MAR08554	r	single	-378.2	3.3	c33ed5b0ad
MAR08555	r	single	-378.2	3.3	adec27d486
MAR08556	r	single	-373.8	3.4	0e8ac19803
MAR08557	c	single	-1155.0	118096.1	e96e76df4b
MAR08558	r	single	-1155.0	118096.1	5aa05a523c
MAR08559	r	single	-307.5	118090.8	f626658fd8
MAR08560	r	single	-307.5	118090.8	cace07abc5
MAR08561	r	single	-459.9	3.1	1888814789
MAR08563	m	single	-49.8	1.1	03b247b90b
MAR08566	c	single	-424.1	3.8	16a4bfb8ee
MAR08572	c	single	-28.9	1.9	fdfb2c30b7
MAR08573	e	single	-30.0	1.8	aa135ce21b
MAR08574	c	single	-28.9	1.9	0b7094a30a
MAR08575	e	single	-30.0	1.8	fbe80e411c
MAR08576	c	single	-30.5	1.9	15803019d0
MAR08577	e	single	-31.7	1.9	a3389537df
MAR08578	c	single	-28.9	1.9	ca48781808
MAR08579	e	single	-30.0	1.8	12007d91d8
MAR08580	c	single	-28.9	1.9	80fddd1ee2
MAR08581	e	single	-30.0	1.8	999de8c6c5
MAR08582	c	single	-29.4	2.3	9ad3d52ce5
MAR08584	e	single	-20.8	1.8	706d2c3a97
MAR08585	c	single	-36.8	3.1	275a21008f
MAR08587	c	single	-31.7	2.6	55d1082a2e
MAR08589	l	single	-31.7	2.6	49d269d951
MAR08591	c	single	-30.0	1.8	461765967f
MAR08592	l	single	-30.0	1.8	e4e039db92
MAR08596	c	single	-387.7	3.3	7ddf2c36de
MAR08598	c	single	-374.2	3.1	5c1398bce7
MAR08601	c	single	-522.2	104822.0	604e985a64
MAR08603	c	single	-23.6	1.8	0d824a256d
MAR08604	c	single	-109.6	4.6	b25542e3de
MAR08605	c	single	-40.2	1.1	b1950003f1
MAR08606	c	single	-109.0	4.6	7f3168c38b
MAR08607	c	single	-0.7	3.0	5e6374e5eb
MAR08608	c	single	-80.1	9.1	3c6aaa01b6
MAR08609	m	single	-38.8	2.9	d3b7fdb1bf
MAR08617	m	single	-53.1	100000.0	83255d4d3b
MAR08619	c	single	84.5	100000.0	d9f67a57d6
MAR08620	c	single	34.7	1.8	5192b99d2f
MAR08621	c	single	17.9	3.4	4c08cabf2e
MAR08622	c	single	-84.9	3.4	9082f639ef
MAR08623	c	single	-84.9	3.4	e93402e5d7
MAR08624	c	single	-393.6	4.4	55588dfc1c
MAR08625	c	single	-47.5	4.1	ace7dbd92f
MAR08626	m	single	-25.9	2.5	55271ee282
MAR08628	c	single	-28.8	2.5	ca4e8a8bca
MAR08630	c	single	-411.7	5.3	47ab144069
MAR08634	c	single	22.1	9.9	0eb6593bb3
MAR08637	c	single	-47.8	2.4	9a1f072766
MAR08643	c	single	-44.3	2.3	458bac6241
MAR08645	r	single	-44.3	2.3	4d18aa10b2
MAR08648	r	single	-22.7	3.6	0439e2eab9
MAR08652	r	single	-61.5	4.0	10f978fe63
MAR08653	r	single	5.0	1.4	28aeaa026a
MAR08654	m	single	-8.5	2.5	72f844e6df
MAR08662	m	single	-1.8	1.6	35eb002884
MAR08663	m	single	4.4	1.4	75f78323a1
MAR08664	m	single	-2.9	1.6	6269c3f141
MAR08665	m	single	0.4	1.9	5fc576c79a
MAR08666	m	single	-10.0	1.6	39a9f85436
MAR08667	m	single	2.0	3.4	0ba8c54460
MAR08668	m	single	0.6	3.6	a4507ee33b
MAR08669	m	single	-10.4	2.5	c71e7c103c
MAR08672	g	single	-29.9	3.6	4bc39abcb0
MAR08674	c	single	-15.4	1.9	4b51182dfa
MAR08675	c	single	2.4	1.6	281ba64029
MAR08682	c	single	17.8	8.6	379cd4596a
MAR08683	c	single	-3.5	3.3	73c41c431b
MAR08684	m	single	-17.1	4.7	38ae9a38e3
MAR08685	c	single	22.8	4.5	018019d066
MAR08697	c	single	-359.6	5.1	6f257dcd53
MAR08698	c	single	43.6	2.6	4d30ce1fcd
MAR08699	c	single	-40.6	1.1	879c6e3aa9
MAR08702	c	single	3.0	2.1	5ea97865e1
MAR08704	c	single+proxy	0.0	0.0	edebbbcd68
MAR08709	c	single	-30.0	3.1	0dfb0cb94d
MAR08710	c	single	-19.4	1.0	e8df337f27
MAR08711	c	single	12.7	2.2	5bcc11fb43
MAR08713	r	single	4.1	2.6	d830e2f81b
MAR08717	r	single	4.1	2.6	ccdcb52cdd
MAR08724	c	single	-31.3	2.7	0ae642e572
MAR08725	c	single	-36.8	2.2	27d9713793
MAR08726	c	single	-8.0	1.4	eced9e46d1
MAR08727	c	single	-46.8	3.7	30823b8e42
MAR08728	c	single	-37.9	1.4	7c8c93ffa3
MAR08729	c	single	-40.2	2.0	89a3adce6e
MAR08738	n	single	-25.7	100000.0	54ca89e306
MAR08739	n	single	-34.8	2.0	5cb37e94b0
MAR08740	c	single	1.9	100000.0	77f3c93b4c
MAR08744	m	single	2.7	4.1	2916e622e3
MAR08746	m	single	-23.5	3.4	2217240d9a
MAR08748	c	single	-89.0	4.5	eee4fe2472
MAR08752	l	single	-273.6	4.7	0f2b819592
MAR08757	c	single	-417.2	3.3	8ec6a0957c
MAR08758	c	single	-14.3	3.3	be11889aa4
MAR08759	c	single	-1496.7	244956.2	4206827f4f
MAR08761	c	single	-11.7	2.1	08f5af945e
MAR08762	c	single	-4.7	1.3	7389a9b936
MAR08764	l	single	-27.9	1.1	9b51147b1a
MAR08766	c	single	-16.7	2.5	370cef3f17
MAR08767	c	single	-2.4	1.4	5c26334745
MAR08768	c	single	2.4	1.6	0391a0ba75
MAR08769	ce	multi	4.1	2.2	ea563262c6
MAR08770	ce	multi	-45.9	3.2	94ed5cac20
MAR08772	c	single	-24.9	2.0	46ef72f897
MAR08773	c	single	-4.3	1.9	33c25e3d8a
MAR08774	c	single	-36.4	3.6	cb92a46a1e
MAR08775	c	single	-63.3	2.3	55b20f872c
MAR08777	m	single	-31.8	3.6	081ad46471
MAR08778	m	single	-72.6	2.3	2d24816e56
MAR08779	m	single	-38.2	0.9	d18e6e15d2
MAR08780	c	single	-29.1	3.4	68ff7d55d6
MAR08781	c	single	-9.3	0.7	bba7569826
MAR08782	c	single	-30.0	0.4	297bb30a72
MAR08783	c	single	-109.4	4.6	a0faa67b4e
MAR08784	c	single	-40.3	1.1	ac01647297
MAR08786	m	single	-49.8	1.1	bea82a7eaa
MAR08787	m	single	-30.8	5.9	b628eef9e6
MAR08788	e	single	-43.9	3.5	8fa954cbc6
MAR08790	n	single	-3.0	2.9	01aaa99ade
MAR08791	c	single	17.1	2.9	4388739faa
MAR08792	c	single	-26.7	1.2	a07b235a47
MAR08794	c	single	-12.3	2.0	e86b68917b
MAR08795	c	single	-25.2	3.8	ecd44c8dda
MAR08796	c	single	-26.9	2.4	3bad22b4d1
MAR08799	n	single	-29.6	1.4	399a5e23e1
MAR08800	n	single	-29.6	1.4	52f062d163
MAR08801	c	single	-28.7	1.4	957b45f53f
MAR08802	c	single	-35.2	1.4	2b7c642dcd
MAR08803	n	single	-29.6	1.4	6189f4cdcc
MAR08804	n	single	-23.1	1.4	577842be03
MAR08805	n	single	-23.1	1.4	f8ea0d5886
MAR08806	c	single	-35.2	1.4	e7bb7cfce2
MAR08835	c	single	-71.9	6.6	c473f52f88
MAR08836	n	single	-71.9	6.6	991a70b153
MAR08968	e	single	-48.4	3.9	9cb5ca15c6
MAR08969	e	single	-32.9	2.9	5fe9c57b4f
MAR08971	c	single	-5.1	1.3	41ebfaa5f8
MAR08974	e	single	-1496.7	244956.2	a7567cdc33
MAR08975	c	single	-22.7	1.9	4811d3cd7e
MAR08978	e	single	-49.5	2.9	2feb61f7fd
MAR08979	c	single	-24.7	4.0	83579b82f4
MAR08981	x	single	29.6	0.3	cf14512ae6
MAR08983	ce	multi	-11.6	1.5	aa24b0a6af
MAR08984	e	single	-25.4	1.2	601cad583f
MAR08986	e	single	-21.2	4.6	90c00c4ada
MAR08993	c	single	-240.7	70717.3	a267d34e09
MAR08996	ce	multi	-11.6	1.5	51a7cdb5e1
MAR09465	e	single	-25.5	0.9	18d0f1276f
MAR09466	c	single+proxy	-10.6	1.2	cd49a7ad44
MAR09470	c	single	-7.1	2.9	f25eb572ac
MAR09471	c	single	-32.2	3.0	2df33faae0
MAR09474	c	single	-23.7	100005.9	21c930d8e9
MAR09484	c	single	-65.8	6.2	d9f97a557b
MAR09486	c	single	-46.5	2.8	63a27f144c
MAR09497	c	single	-63.7	100000.0	5671b5be0f
MAR09504	c	single	39.1	100000.0	d54bbb521c
MAR09513	c	single	-41.3	7.7	85b0d2322d
MAR09514	c	single	-194.2	4.2	9e6b75e9d4
MAR09515	c	single	-55.7	2.3	5b89c3da2e
MAR09527	c	single	18.4	3.4	6fa808743f
MAR09529	c	single	-16.3	2.3	c08fcf7c6d
MAR09530	c	single	-21.4	2.4	5dbf718072
MAR09534	c	single	-30.7	2.3	9465e8c858
MAR09536	c	single	-272.0	70714.6	9a2fae1879
MAR09537	c	single	-281.9	70714.3	b142aad03e
MAR09540	c	single	-59.5	100000.0	c51d981d92
MAR09555	c	single	8.5	4.2	9de9068f39
MAR09556	e	single	-29.0	2.8	529cd6ea51
MAR09557	m	single	-18.6	1.6	29841ac082
MAR09558	c	single	-48.6	2.1	08cd24a5a4
MAR09559	c	single	-44.5	100000.0	af5e658d01
MAR09560	c	single	-44.4	100000.0	09c854b618
MAR09561	e	single	0.4	2.9	67facf28b1
MAR09562	c	single	-137.4	9.4	12e51348e5
MAR09563	c	single	-40.5	1.1	304b94486c
MAR09564	m	single	-49.8	1.1	efe333a9a1
MAR09565	m	single	3.7	1.9	547eb92dfa
MAR09566	x	single	3.7	1.9	3bd0754f05
MAR09567	m	single	3.7	1.9	39ce0c5984
MAR09568	x	single	3.7	1.9	74866adb38
MAR09569	e	single	-21.8	100000.0	c3b6f36d7f
MAR09570	c	single	-57.9	8.4	f8f28eaa30
MAR09571	e	single	-24.0	2.4	2c5c1826c5
MAR09572	e	single	-10.6	3.8	133446b3ff
MAR09575	c	single	0.0	100000.0	61a82e80b0
MAR09718	c	single	-37.9	4.5	68a75d32f5
MAR09722	c	single	-25.6	4.9	e0a3899618
MAR09726	c	single	-43.0	5.8	7f89f2b440
MAR09797	c	single	-38.9	1.6	940693f8a6
MAR09798	c	single	-26.6	4.3	5e153ae0a2
MAR09799	c	single	-17.5	2.4	7a546d6933
MAR09800	c	single	-13.0	1.2	1c340983f9
MAR09801	c	single	-0.6	1.9	4d09d84358
MAR09802	c	single	-31.4	0.9	41fc5ea256
MAR09803	m	single	-56.5	1.1	17d64a84cc
MAR09804	m	single	13.1	1.0	8eb7326a58
MAR09805	c	single	-277.2	70714.7	ca4ba05a46
MAR09807	c	single	-79.8	2.2	505cd31e21
MAR09870	ce	multi	-11.1	2.0	62af4ddac9
MAR09894	ce	multi	-11.6	1.5	543af3dd3b
MAR09935	c	single	-23.0	1.6	2c43c47a4e
MAR09936	c	single	31.9	4.5	69c9b38be4
MAR09937	c	single	-375.9	3.2	d507c7461d
MAR09939	c	single	24.5	100006.0	9991cfb632
MAR09940	c	single	-6.5	4.8	d20751d7e0
MAR09942	l	single	-32.6	2.3	e89e8fb5ac
MAR09943	l	single+proxy	-27.5	2.7	394d7f3bc6
MAR09944	l	single	-32.7	2.3	75f3dc4350
MAR09946	l	single	-33.0	2.7	3fa3785e8a
MAR09947	l	single+proxy	-32.6	2.3	03bc23b1da
MAR09950	c	single	-45.3	1.4	932fe508a2
MAR09951	c	single	-258.4	70714.3	b4efb12685
MAR09952	c	single	-24.4	2.2	7a3605cc4e
MAR09953	c	single	-10.6	2.1	c010082018
MAR09954	c	single	-68.6	3.8	4b54dfefa3
MAR09958	c	single	-14.3	1.7	33ea11064c
MAR09992	c	single	10.0	3.9	78f84b502b
MAR10066	c	single	17.4	1.0	bffb854a46
MAR10067	c	single	-15.7	1.4	8b230c0033
MAR10068	c	single	-22.2	1.4	5946f0fb71
MAR10069	c	single	-27.6	2.6	863a14b160
MAR10070	c	single	60.8	200013.8	b524881260
MAR10071	c	single	17.4	1.0	ffc22d56cd
MAR10072	c	single	17.4	1.0	05b424a691
MAR10116	c	single	-86.3	4.6	18c297db79
MAR10121	c	single	-11.6	1.5	fc7c2e3923
MAR10122	c	single	-45.3	1.4	9389375f11
MAR10123	c	single	-31.5	1.9	f65fbbb553
MAR10124	c	single	-27.6	2.6	029e848334
MAR10128	c	single	-11.6	1.5	4e35a19dd5
MAR10129	c	single	-45.3	1.4	ec166c5281
MAR10130	c	single	-31.5	1.9	540c56c06d
MAR10131	c	single	-27.6	2.6	71def05338
MAR10357	m	single	-25.5	2.5	af7651961a
MAR10358	m	single	-30.2	2.2	d5e50442c9
MAR10374	m	single	-49.8	1.4	35fd562f3b
MAR10377	x	single	-44.1	1.4	2bc7249f87
MAR10403	m	single	-19.2	3.2	997a1f25bc
MAR10406	c	single	388.3	118091.1	f0360eaf85
MAR10412	m	single+proxy	-27.7	4.0	e9c07cd13a
MAR10416	m	single	-22.7	3.5	9b3d27002d
MAR10444	m	single	-28.4	4.7	5ed823aac5
MAR10445	c	single	-31.5	1.9	cd71dd1099
MAR10446	c	single	-27.6	2.6	09aa3c86c9
MAR10448	c	single	-439.4	3.6	a79b1e011c
MAR10449	c	single	2.4	1.6	94bf2aab9d
MAR10450	c	single	-11.6	1.5	b1f80adb12
MAR10457	m	single	-16.1	1.5	4be13f62b5
MAR10458	m	single	-34.3	2.6	34ea86ef8b
MAR10459	m	single	-31.2	2.4	d0f15e50f5
MAR10460	c	single	-288.4	70714.1	2a463ae65e
MAR10461	c	single	15.3	6.6	15ab84c6c3
MAR10462	c	single	-304.4	70715.8	6ae80c10cc
MAR10990	c	single	-48.3	10.5	37bc67cc7c
MAR11018	c	single	-24.3	3.7	ba8cd57336
MAR11030	c	single	4.5	8.8	6d929ee4c7
MAR11047	c	single	-25.9	4.0	e511356bb2
MAR11049	c	single	-27.6	4.2	e1349f8673
MAR11050	c	single	-18.2	2.2	70013353c6
MAR11052	c	single	-30.8	3.9	24025146e8
MAR11056	c	single	-23.7	4.3	fd5ef6c364
MAR11063	c	single	-14.2	3.2	f2866607e9
MAR11066	c	single	-15.9	3.1	c11f346bc9
MAR11075	c	single	-6.3	2.1	1abd9449a7
MAR11082	c	single	-20.9	4.5	77a9eab419
MAR11092	c	single	-45.9	8.4	9c03ba4096
MAR11095	c	single	-6.1	6.0	6d49156983
MAR11098	c	single	-30.3	5.4	c0e5519f62
MAR11118	c	single	-12.3	4.9	5c78fa9178
MAR11120	c	single	-14.0	5.5	57f3b8b1d6
MAR11125	c	single	-0.4	8.2	237c3d341b
MAR11132	c	single	42.2	6.8	6bb5a753cd
MAR11138	c	single	24.3	9.3	014b5f2139
MAR11141	c	single	20.4	8.0	ef8758005e
MAR11145	c	single	21.8	9.1	3fe07f0683
MAR11147	c	single	-49.5	19.2	5978e80566
MAR11184	c	single	2.9	5.2	34c00ee691
MAR11187	c	single	7.6	6.8	23e8be41a1
MAR11198	c	single	33.0	4.9	9612fbf793
MAR11205	c	single	28.6	4.9	6928479ad9
MAR11208	c	single	25.4	5.2	5d970746b3
MAR11210	c	single	84.7	8.4	a0c28abfb0
MAR11221	c	single	-33.0	7.0	889c22cb48
MAR11224	c	single	-424.3	3.8	d9c00c77ab
MAR11225	c	single	-424.3	3.8	f356b05df4
MAR11295	m	single	-16.8	2.0	f791087c76
MAR11299	c	single	-0.6	2.2	8f920be4cc
MAR11305	c	single	-74.4	7.6	4520c25064
MAR11316	c	single	25.7	100000.0	c557ff45c3
MAR11321	c	single	4.0	2.6	d81621afa1
MAR11368	r	single	-384.9	3.5	184a301de1
MAR11369	r	single	2.3	1.6	8ee2af91d5
MAR11394	c	single	12.1	2.9	1a3a818393
MAR11398	c	single	-56.2	2.6	572bf3a9df
MAR11399	c	single	-10.4	2.5	74ff04d4de
MAR11407	c	single	-27.2	16.9	8e05ade05f
MAR11408	c	single	-79.3	2.9	64bb5c11a1
MAR11409	c	single+proxy	-79.3	2.9	906f1a6ce1
MAR11411	c	single	-24.6	4.0	eab6a29be0
MAR11413	c	single	-11.0	4.8	52f91b23e1
MAR11414	c	single	-42.7	7.9	1969387bf8
MAR11416	c	single	-52.2	4.6	eb1e622916
MAR11429	c	single	2.9	2.9	52fb5bb549
MAR11430	c	single	-33.2	3.1	2d16dbbfc2
MAR11458	m	single	-79.0	4.4	20b8d957ad
MAR11462	c	single	-58.0	1.4	afe68623e5
MAR11463	c	single	-58.0	1.4	5807898c38
MAR11464	c	single	-39.9	5.1	e8c90b4182
MAR11467	c	single	-7.9	1.9	5eef02174c
MAR11468	c	single	-17.4	1.0	ebb2ebb635
MAR11470	m	single	-29.6	1.8	8d9d47fb41
MAR11476	c	single	-17.4	1.0	166106fce3
MAR11479	c	single	-17.4	1.0	507bab9e7c
MAR11482	m	single	-49.8	1.4	dbc0e5293a
MAR11489	c	single	-17.4	1.0	5555292d34
MAR11492	c	single	-40.4	1.4	2b1677c9db
MAR11495	m	single	-45.0	1.4	35f2a78741
MAR11499	c	single	-54.7	1.8	1b7e04124f
MAR11502	m	single	-33.1	3.7	f19b6a7c60
MAR11506	c	single	32.1	3.9	89ad70c294
MAR11509	m	single	-31.9	2.6	d394fb679c
MAR11514	m	single+proxy	0.4	1.5	d5c00127b8
MAR11515	m	single	-45.0	1.4	6b85f5bfc3
MAR11521	m	single	-45.0	1.4	e01832f89e
MAR11525	m	single	-49.8	1.4	57ba96c4d4
MAR11530	x	single	-39.3	1.4	72d5c23b16
MAR11535	x	single+proxy	-39.3	1.4	8fecac08d3
MAR11544	c	single	-45.3	1.4	7c7b2094c8
MAR11545	c	single	-378.6	3.1	d3bf238303
MAR11548	c	single	-378.6	3.1	046a060689
MAR11551	c	single	29.7	3.1	c717435572
MAR11552	c	single	-40.6	1.4	4f407f20d1
MAR11555	c	single	-27.6	2.6	56f5d65709
MAR11558	c	single	0.0	0.0	6c8844a29d
MAR11559	c	single	-40.4	1.4	4366d3d9f8
MAR11562	c	single	-22.7	2.6	6bdfc26f38
MAR11565	m	single	6.4	1.7	55cae1e68b
MAR11736	m	single+proxy	-49.8	1.4	7da83622b8
MAR11740	m	single+proxy	-52.4	2.0	dda1c70f75
MAR11745	m	single	-49.8	1.4	5a13885976
MAR11752	m	single	-49.8	1.4	45cb6bd815
MAR11777	e	single	30.5	100006.0	7b719ad8cb
MAR12001	c	single	-286.8	70714.1	be2e1ffcf4
MAR12002	c	single	-48.8	4.3	32e38a4d20
MAR12003	c	single	-48.8	4.3	c5e1b05dcc
MAR12004	c	single	-326.5	14.4	401700154d
MAR12005	c	single	-19.4	1.0	cf33533d18
MAR12012	c	single	272.5	62815.4	074424a3d1
MAR12018	c	single	-23.5	8.3	eb91adc6d8
MAR12024	c	single	17.4	100000.0	82f280684a
MAR12081	c	single	-10.0	1.2	1003130210
MAR12082	n	single	-10.0	1.2	1c3cb67cd4
MAR12083	n	single	-10.0	1.2	cc9afaa98b
MAR12111	c	single	-16.1	1.8	b59dacf71b
MAR12125	r	single	-174.8	6.7	b1af8a4fff
MAR12145	c	single	-439.4	3.6	39d208c6fa
MAR12146	c	single	-439.4	3.6	752598ab3a
MAR12183	c	single	-387.7	3.3	a2b5f65015
MAR12197	c	single	-251.4	70714.2	bcbd9ea190
MAR12239	c	single	-251.4	70714.2	e6a76c48ee
MAR12242	c	single	-251.4	70714.2	5ddcc4433c
MAR12245	c	single	-251.4	70714.2	94b3dcba76
MAR12282	c	single	-251.4	70714.2	959e4bd763
MAR12286	c	single	-251.4	70714.2	755625f2ab
MAR12289	c	single	-387.7	3.3	fbec8c68ce
MAR12290	c	single	-251.4	70714.2	0b8beb027c
MAR12305	c	single	-251.4	70714.2	fbd4cf1f5e
MAR12414	r	single	-424.4	3.8	c639c60663
MAR12430	c	single	0.0	0.0	e703f0d16d
MAR12446	r	single	-424.4	3.8	e6eeaa599c
MAR12462	r	single	-50.4	4.3	10db6c8073
MAR12472	c	single	-42.9	100000.0	51b84ee673
MAR12564	r	single	-128.2	300017.8	654e65c653
MAR12740	c	single	-459.9	3.1	23280a499b
MAR12749	c	single	-459.9	3.1	785d76c861
MAR12790	r	single	-374.3	3.1	0e40d47c96
MAR12792	r	single	-453.2	100007.9	503745cffc
MAR12832	c	single	-38.0	3.2	f8f7cf45f0
MAR13001	r	single	-642.1	59939.9	c9f906fbf8
MAR13083	c	single	-966.9	122479.0	765c94263e
MAR13087	m	single	-27.5	3.7	4f5e330aa2
MAR20001	n	single	6.7	2.1	234889dab9
MAR20003	n	single	19.4	1.0	043cc2b610
MAR20005	n	single	-42.2	1.1	f8f11eec17
MAR20006	c	single	-42.2	1.1	e599fd1119
MAR20007	n	single	19.4	1.0	5b5df7f514
MAR20008	c	single	19.4	1.0	f8cbe965b5
MAR20009	n	single	-77.7	10.2	e7bab4e248
MAR20010	c	single	-77.7	10.2	5314b78fb2
MAR20011	n	single	-40.5	1.1	244c6cf93a
MAR20013	m	single	-31.4	3.0	8a174c6090
MAR20016	c	single	43.1	6.4	28f8ec84b5
MAR20017	c	single	-42.5	1.8	d0b2b3f46e
MAR20018	g	single	-61.5	1.4	1e181df783
MAR20019	n	single	-57.9	1.4	13945bface
MAR20021	r	single	-378.6	3.1	aa1014b9cb
MAR20023	r	single	-378.6	3.1	3614eac5ee
MAR20025	r	single	-378.6	3.1	d2f715d05e
MAR20027	r	single	-378.6	3.1	267a698bd9
MAR20029	r	single	-378.6	3.1	dfa3d24a52
MAR20033	n	single	-5.4	1.8	11167980e0
MAR20034	c	single	-5.4	1.8	29dbeaf99d
MAR20035	n	single	0.0	0.0	19174e2d55
MAR20036	c	single	0.0	0.0	867e37e681
MAR20037	c	single	-42.6	1.8	f35af23528
MAR20038	c	single	-40.5	1.3	401968eac1
MAR20039	c	single	-40.4	1.3	0ea728434b
MAR20040	c	single	-40.6	1.1	04d03930d1
MAR20041	c	single	-40.6	1.1	fa8756aa27
MAR20042	c	single	-40.6	1.1	39ecec3233
MAR20043	c	single	-40.5	1.1	3b1c2242b4
MAR20044	c	single	-30.6	4.7	018f0b4499
MAR20046	r	single	-40.5	1.1	3f3ff34da3
MAR20047	c	single	-40.5	1.1	81164ce3dd
MAR20048	r	single	43.1	6.4	31962c3eb5
MAR20049	r	single	-42.2	1.1	77d559e99f
MAR20050	c	single	-42.2	1.1	805d45d364
MAR20051	r	single	-40.5	1.1	6534f89db1
MAR20053	r	single	-40.5	1.1	4e88c9ff9e
MAR20054	c	single	-40.5	1.1	8bba1545d1
MAR20055	r	single	40.5	1.1	03125da769
MAR20056	c	single	40.5	1.1	ae108f2d4f
MAR20057	r	single	-40.5	1.1	288a38e4d6
MAR20058	c	single	-40.5	1.1	dacff41cfd
MAR20059	r	single	-40.5	1.1	f40e0b6e8d
MAR20060	c	single	-40.5	1.1	aacae9ef19
MAR20061	r	single	-42.5	1.8	9d6cf1f1d2
MAR20062	r	single	-40.6	1.1	fce87e5f54
MAR20063	c	single	-40.6	1.1	7ad77f1fda
MAR20064	r	single	-40.5	1.1	556b6e5ddf
MAR20065	c	single	-40.5	1.1	aa7a82fd5d
MAR20067	c	single	19.4	1.0	31044e516b
MAR20068	c	single+proxy	19.4	1.0	41900bf9c2
MAR20069	m	single	-0.2	1.8	e0c2079609
MAR20070	c	single	-30.4	2.9	c837f9d995
MAR20071	c	single	-42.6	3.1	24bce3a4cc
MAR20072	n	single	-42.6	3.1	017f66b64d
MAR20073	r	single	-15.7	2.1	3988283225
MAR20074	g	single	-15.2	2.1	77d7a65cbe
MAR20075	r	single	-15.8	2.1	65a91fd3ac
MAR20076	g	single	-15.3	2.1	a75c5b7c17
MAR20077	r	single	-15.2	1.7	f741247efd
MAR20078	g	single	-14.7	1.7	e8c100f6ab
MAR20079	r	single	-15.2	1.7	8ed8b72eed
MAR20080	g	single	-14.6	1.7	f5a0a66d37
MAR20081	r	single	-15.3	1.7	92eeb63de7
MAR20082	g	single	-14.8	1.7	4f5526407f
MAR20083	r	single	-15.2	1.7	bad385e589
MAR20084	g	single	-14.7	1.7	d0d66f18ab
MAR20085	r	single	-15.2	1.7	06bc8effda
MAR20086	g	single	-14.6	1.7	13db081c12
MAR20087	r	single	-15.3	1.7	706e34c530
MAR20088	g	single	-14.8	1.7	f27b2c23e6
MAR20093	c	single	4.9	2.9	97838cb58c
MAR20094	c	single	-4.1	2.8	19985c20d7
MAR20095	c	single	-4.1	2.8	4982c414ea
MAR20096	c	single	-17.8	6.5	dfd852c2b9
MAR20097	c	single	-15.2	1.7	71e9e5ce6f
MAR20099	n	single	-55.7	2.3	a2d7369a93
MAR20100	n	single	-47.8	2.9	bb4b41499a
MAR20101	n	single	-55.7	2.3	46b1e02353
MAR20106	c	single	-82.6	2.8	1901f3bdb7
MAR20107	r	single	-82.6	2.8	4807f5e1a5
MAR20108	g	single	-78.2	2.8	f6b22fbfde
MAR20109	n	single	-82.6	2.8	52a0c7a78c
MAR20110	m	single	-28.7	3.1	e3b9e5999a
MAR20111	m	single	-41.5	2.1	abfc5c3c4e
MAR20117	x	single	-42.7	3.9	d66181e758
MAR20169	c	single	-54.7	3.3	220b7d605a
MAR20170	c	single	-45.3	1.4	8d226bebb6
MAR20171	c	single	-45.3	1.4	c08a5df911
MAR20172	c	single	-45.3	1.4	45c6ccc87e
MAR20174	m	single	-18.0	3.4	4df8922a47
MAR20175	m	single	-18.0	3.4	1ca3ff0ec6
MAR20176	m	single	-19.2	4.4	bd61d01480
MAR20187	m	single	-390.0	6.1	f60f45acda
MAR20191	m	single	-17.7	0.8	0ca4205dac
MAR20197	c	single+proxy	-439.4	3.6	be37e33ce3
MAR20198	r	single+proxy	-439.4	3.6	784c9b04e9
MAR20199	c	single+proxy	-439.4	3.6	e4fd651a93
MAR20200	r	single+proxy	-439.4	3.6	2df3f3ba91
MAR20203	m	single	5.0	100000.0	c13ced486d
MAR20205	m	single	-25.3	3.2	9b718e1e13
MAR20206	c	single	-30.0	3.2	9dd4503a2d
